pk,jsondata,key,description,contribution_pk,source_pk,version
1,,,,1,5734,1
2,,,,1,5733,1
3,,,,5,5735,1
4,,,,6,530,1
5,,,,6,700,1
6,,,,9,5740,1
7,,,,9,5736,1
8,,,,9,6129,1
9,,,,9,5743,1
10,,,,9,1163,1
11,,,,9,1202,1
12,,,,9,296,1
13,,,,9,1198,1
14,,,,9,1114,1
15,,,,9,1116,1
16,,,,9,987,1
17,,,,9,1090,1
18,,,,9,109,1
19,,,,9,1086,1
20,,,,9,5744,1
21,,,,9,206,1
22,,,,9,559,1
23,,,,9,123,1
24,,,,9,189,1
25,,,,9,5737,1
26,,,,9,1159,1
27,,,,9,791,1
28,,,,9,262,1
29,,,,9,1075,1
30,,,,9,5738,1
31,,,,9,104,1
32,,,,9,1151,1
33,,,,9,718,1
34,,,,9,802,1
35,,,,9,664,1
36,,,,9,5745,1
37,,,,9,1011,1
38,,,,9,565,1
39,,,,9,74,1
40,,,,9,1079,1
41,,,,9,292,1
42,,,,9,1112,1
43,,,,9,1191,1
44,,,,9,1029,1
45,,,,9,103,1
46,,,,9,5741,1
47,,,,9,5742,1
48,,,,9,997,1
49,,,,9,398,1
50,,,,9,5739,1
51,,,,10,1231,1
52,,,,10,5746,1
53,,,,10,1305,1
54,,,,10,1243,1
55,,,,10,5748,1
56,,,,10,336,1
57,,,,10,247,1
58,,,,10,248,1
59,,,,10,5749,1
60,,,,10,636,1
61,,,,10,1054,1
62,,,,10,5747,1
63,,,,10,322,1
64,,,,10,5751,1
65,,,,10,1346,1
66,,,,10,618,1
67,,,,10,5750,1
68,,,,10,1343,1
69,,,,11,5752,1
70,,,,11,5753,1
71,,,,13,825,1
72,,,,13,253,1
73,,,,13,5754,1
74,,,,14,5755,1
75,,,,14,5757,1
76,,,,14,5756,1
77,,,,15,5758,1
78,,,,16,5759,1
79,,,,16,5760,1
80,,,,16,6495,1
81,,,,16,5761,1
82,,,,16,5765,1
83,,,,16,5763,1
84,,,,16,5764,1
85,,,,16,5762,1
86,,,,20,5772,1
87,,,,20,5771,1
88,,,,20,206,1
89,,,,20,149,1
90,,,,21,5772,1
91,,,,21,5771,1
92,,,,21,247,1
93,,,,21,5773,1
94,,,,21,6213,1
95,,,,21,598,1
96,,,,21,245,1
97,,,,21,172,1
98,,,,21,1527,1
99,,,,21,1115,1
100,,,,22,1934,1
101,,,,22,5771,1
102,,,,22,323,1
103,,,,22,1086,1
104,,,,22,1026,1
105,,,,22,6191,1
106,,,,23,2269,1
107,,,,23,1470,1
108,,,,23,3378,1
109,,,,23,2084,1
110,,,,23,5773,1
111,,,,23,5774,1
112,,,,23,5776,1
113,,,,23,4050,1
114,,,,23,5775,1
115,,,,23,5770,1
116,,,,24,1101,1
117,,,,24,206,1
118,,,,24,1932,1
119,,,,24,107,1
120,,,,24,637,1
121,,,,24,5778,1
122,,,,24,707,1
123,,,,24,4591,1
124,,,,24,175,1
125,,,,24,5776,1
126,,,,24,4050,1
127,,,,24,5775,1
128,,,,24,5770,1
129,,,,25,2269,1
130,,,,25,565,1
131,,,,25,2086,1
132,,,,25,5779,1
133,,,,25,246,1
134,,,,25,5776,1
135,,,,25,4050,1
136,,,,25,5775,1
137,,,,26,1419,1
138,,,,26,1206,1
139,,,,26,2611,1
140,,,,26,1266,1
141,,,,26,2687,1
142,,,,26,2583,1
143,,,,26,2696,1
144,,,,26,2392,1
145,,,,26,982,1
146,,,,26,294,1
147,,,,26,1420,1
148,,,,26,1817,1
149,,,,26,2462,1
150,,,,26,725,1
151,,,,26,1208,1
152,,,,26,2162,1
153,,,,26,5781,1
154,,,,26,5782,1
155,,,,26,7347,1
156,,,,26,5780,1
157,,,,27,5783,1
158,,,,27,3015,1
159,,,,27,2990,1
160,,,,27,476,1
161,,,,27,944,1
162,,,,27,5786,1
163,,,,27,142,1
164,,,,27,950,1
165,,,,27,2961,1
166,,,,27,565,1
167,,,,27,2962,1
168,,,,27,2207,1
169,,,,27,112,1
170,,,,27,5785,1
171,,,,27,468,1
172,,,,27,2851,1
173,,,,27,5784,1
174,,,,27,3014,1
175,,,,27,1258,1
176,,,,27,1747,1
177,,,,27,286,1
178,,,,27,245,1
179,,,,27,57,1
180,,,,27,307,1
181,,,,28,5787,1
182,,,,28,687,1
183,,,,28,5738,1
184,,,,28,3796,1
185,,,,28,1554,1
186,,,,28,708,1
187,,,,28,722,1
188,,,,28,615,1
189,,,,28,1541,1
190,,,,28,3054,1
191,,,,28,610,1
192,,,,28,5788,1
193,,,,28,1102,1
194,,,,28,5789,1
195,,,,29,1001,1
196,,,,29,62,1
197,,,,29,586,1
198,,,,29,184,1
199,,,,29,572,1
200,,,,29,730,1
201,,,,29,266,1
202,,,,29,3533,1
203,,,,29,590,1
204,,,,30,384,1
205,,,,30,3105,1
206,,,,30,5792,1
207,,,,30,3088,1
208,,,,30,4136,1
209,,,,30,5790,1
210,,,,30,3136,1
211,,,,30,2901,1
212,,,,30,3130,1
213,,,,30,5793,1
214,,,,30,5795,1
215,,,,30,744,1
216,,,,30,5794,1
217,,,,30,4050,1
218,,,,30,3103,1
219,,,,30,3089,1
220,,,,30,5791,1
221,,,,30,3108,1
222,,,,30,5626,1
223,,,,30,1529,1
224,,,,30,3074,1
225,,,,30,3098,1
226,,,,31,3096,1
227,,,,31,5626,1
228,,,,31,3088,1
229,,,,31,2901,1
230,,,,31,3143,1
231,,,,31,5796,1
232,,,,31,7302,1
233,,,,31,897,1
234,,,,31,3140,1
235,,,,31,84,1
236,,,,31,3079,1
237,,,,32,795,1
238,,,,32,3096,1
239,,,,32,3088,1
240,,,,32,3124,1
241,,,,32,5798,1
242,,,,32,3097,1
243,,,,32,3098,1
244,,,,32,5799,1
245,,,,32,5800,1
246,,,,32,5801,1
247,,,,32,5802,1
248,,,,32,5797,1
249,,,,32,5803,1
250,,,,33,239,1
251,,,,33,2512,1
252,,,,33,2221,1
253,,,,33,2611,1
254,,,,33,2251,1
255,,,,33,3194,1
256,,,,33,282,1
257,,,,33,2590,1
258,,,,33,2214,1
259,,,,33,2191,1
260,,,,33,3149,1
261,,,,33,4295,1
262,,,,33,6304,1
263,,,,33,479,1
264,,,,33,3135,1
265,,,,33,980,1
266,,,,33,1988,1
267,,,,33,2848,1
268,,,,33,2625,1
269,,,,33,524,1
270,,,,33,436,1
271,,,,33,2485,1
272,,,,33,2310,1
273,,,,33,52,1
274,,,,33,149,1
275,,,,33,91,1
276,,,,33,844,1
277,,,,33,2397,1
278,,,,33,245,1
279,,,,33,760,1
280,,,,33,2107,1
281,,,,33,3429,1
282,,,,34,3325,1
283,,,,34,3210,1
284,,,,34,3323,1
285,,,,34,2007,1
286,,,,34,2590,1
287,,,,34,3387,1
288,,,,34,2652,1
289,,,,34,1266,1
290,,,,34,2606,1
291,,,,34,3309,1
292,,,,34,637,1
293,,,,34,707,1
294,,,,34,598,1
295,,,,34,327,1
296,,,,34,2965,1
297,,,,34,1225,1
298,,,,34,2010,1
299,,,,34,3358,1
300,,,,34,3363,1
301,,,,34,5804,1
302,,,,34,3429,1
303,,,,35,5806,1
304,,,,35,5805,1
305,,,,35,5808,1
306,,,,35,3429,1
307,,,,35,5807,1
308,,,,35,3582,1
309,,,,36,5810,1
310,,,,36,5812,1
311,,,,36,3429,1
312,,,,36,5809,1
313,,,,36,5814,1
314,,,,36,5808,1
315,,,,36,5813,1
316,,,,36,195,1
317,,,,36,6596,1
318,,,,37,3713,1
319,,,,37,565,1
320,,,,37,1034,1
321,,,,37,3496,1
322,,,,37,5815,1
323,,,,37,2169,1
324,,,,37,2759,1
325,,,,37,1030,1
326,,,,37,2354,1
327,,,,37,2082,1
328,,,,37,2722,1
329,,,,37,725,1
330,,,,37,1007,1
331,,,,37,1017,1
332,,,,37,2124,1
333,,,,38,184,1
334,,,,38,1065,1
335,,,,38,2327,1
336,,,,38,1221,1
337,,,,38,2759,1
338,,,,38,327,1
339,,,,38,5816,1
340,,,,38,145,1
341,,,,38,5817,1
342,,,,38,1349,1
343,,,,38,1380,1
344,,,,38,2173,1
345,,,,38,1007,1
346,,,,38,2280,1
347,,,,39,246,1
348,,,,39,153,1
349,,,,39,282,1
350,,,,39,323,1
351,,,,39,664,1
352,,,,39,835,1
353,,,,39,5817,1
354,,,,39,5823,1
355,,,,39,5824,1
356,,,,39,107,1
357,,,,39,5818,1
358,,,,39,1126,1
359,,,,39,559,1
360,,,,39,176,1
361,,,,39,5821,1
362,,,,39,565,1
363,,,,39,5819,1
364,,,,39,5822,1
365,,,,39,5820,1
366,,,,40,479,1
367,,,,40,492,1
368,,,,40,1126,1
369,,,,40,950,1
370,,,,40,3116,1
371,,,,41,5729,1
372,,,,41,1454,1
373,,,,41,5825,1
374,,,,41,944,1
375,,,,41,1975,1
376,,,,41,2038,1
377,,,,42,1065,1
378,,,,42,1115,1
379,,,,42,5729,1
380,,,,42,1167,1
381,,,,42,688,1
382,,,,42,1473,1
383,,,,42,1474,1
384,,,,42,5826,1
385,,,,43,1333,1
386,,,,43,322,1
387,,,,43,722,1
388,,,,43,2466,1
389,,,,43,5828,1
390,,,,43,2106,1
391,,,,43,1995,1
392,,,,43,76,1
393,,,,43,3514,1
394,,,,43,1939,1
395,,,,43,239,1
396,,,,43,5778,1
397,,,,43,3574,1
398,,,,43,327,1
399,,,,43,248,1
400,,,,43,3589,1
401,,,,43,398,1
402,,,,43,1385,1
403,,,,43,318,1
404,,,,43,3583,1
405,,,,43,1121,1
406,,,,43,1296,1
407,,,,43,436,1
408,,,,43,712,1
409,,,,43,5827,1
410,,,,44,3088,1
411,,,,44,5829,1
412,,,,44,5831,1
413,,,,44,606,1
414,,,,44,2080,1
415,,,,44,5830,1
416,,,,44,1213,1
417,,,,44,2583,1
418,,,,44,3494,1
419,,,,44,5817,1
420,,,,44,4136,1
421,,,,44,586,1
422,,,,44,1232,1
423,,,,45,5834,1
424,,,,45,6445,1
425,,,,45,5837,1
426,,,,45,5835,1
427,,,,45,3665,1
428,,,,45,3675,1
429,,,,45,3309,1
430,,,,45,3123,1
431,,,,45,3663,1
432,,,,45,5833,1
433,,,,45,5832,1
434,,,,45,5836,1
435,,,,45,6583,1
436,,,,46,348,1
437,,,,46,399,1
438,,,,46,3710,1
439,,,,46,1998,1
440,,,,46,5789,1
441,,,,46,2606,1
442,,,,46,1211,1
443,,,,46,3369,1
444,,,,46,5838,1
445,,,,46,5827,1
446,,,,46,3732,1
447,,,,46,184,1
448,,,,46,606,1
449,,,,46,474,1
450,,,,46,52,1
451,,,,46,421,1
452,,,,46,744,1
453,,,,47,1385,1
454,,,,47,5842,1
455,,,,47,5840,1
456,,,,47,5839,1
457,,,,47,5841,1
458,,,,47,5843,1
459,,,,48,210,1
460,,,,48,3648,1
461,,,,48,2082,1
462,,,,48,2413,1
463,,,,48,318,1
464,,,,48,3616,1
465,,,,48,176,1
466,,,,48,1985,1
467,,,,48,294,1
468,,,,48,348,1
469,,,,48,5844,1
470,,,,48,5845,1
471,,,,49,785,1
472,,,,49,612,1
473,,,,49,2813,1
474,,,,49,1204,1
475,,,,49,1266,1
476,,,,49,3528,1
477,,,,49,1214,1
478,,,,49,3893,1
479,,,,49,3796,1
480,,,,49,5846,1
481,,,,49,760,1
482,,,,49,5627,1
483,,,,50,1065,1
484,,,,50,184,1
485,,,,50,4865,1
486,,,,50,1132,1
487,,,,50,3813,1
488,,,,50,403,1
489,,,,50,262,1
490,,,,50,3047,1
491,,,,50,550,1
492,,,,50,5848,1
493,,,,50,5847,1
494,,,,50,3381,1
495,,,,51,687,1
496,,,,51,1048,1
497,,,,51,2237,1
498,,,,51,3323,1
499,,,,51,652,1
500,,,,51,3495,1
501,,,,51,2092,1
502,,,,51,848,1
503,,,,51,2484,1
504,,,,51,850,1
505,,,,51,173,1
506,,,,51,2251,1
507,,,,51,2207,1
508,,,,51,1258,1
509,,,,51,565,1
510,,,,51,1025,1
511,,,,51,2282,1
512,,,,51,436,1
513,,,,51,717,1
514,,,,51,5850,1
515,,,,51,3330,1
516,,,,51,1900,1
517,,,,51,937,1
518,,,,51,5849,1
519,,,,52,1667,1
520,,,,52,3933,1
521,,,,52,5852,1
522,,,,52,5857,1
523,,,,52,4713,1
524,,,,52,3872,1
525,,,,52,5856,1
526,,,,52,5851,1
527,,,,52,5853,1
528,,,,52,5855,1
529,,,,52,7158,1
530,,,,52,5854,1
531,,,,53,5859,1
532,,,,53,6631,1
533,,,,53,5862,1
534,,,,53,5861,1
535,,,,53,3509,1
536,,,,53,3970,1
537,,,,53,5860,1
538,,,,53,3734,1
539,,,,53,944,1
540,,,,53,149,1
541,,,,53,5852,1
542,,,,53,5858,1
543,,,,54,5866,1
544,,,,54,2042,1
545,,,,54,1230,1
546,,,,54,4031,1
547,,,,54,722,1
548,,,,54,5867,1
549,,,,54,436,1
550,,,,54,5868,1
551,,,,54,3077,1
552,,,,54,5870,1
553,,,,54,2688,1
554,,,,54,4034,1
555,,,,54,3358,1
556,,,,54,2058,1
557,,,,54,782,1
558,,,,54,3605,1
559,,,,54,5865,1
560,,,,54,5869,1
561,,,,54,6777,1
562,,,,54,5863,1
563,,,,55,897,1
564,,,,55,637,1
565,,,,55,4068,1
566,,,,55,5875,1
567,,,,55,2007,1
568,,,,55,1176,1
569,,,,55,4037,1
570,,,,55,1230,1
571,,,,55,2120,1
572,,,,55,5873,1
573,,,,55,5871,1
574,,,,55,4071,1
575,,,,55,5865,1
576,,,,55,826,1
577,,,,55,5876,1
578,,,,55,5877,1
579,,,,55,5874,1
580,,,,55,6479,1
581,,,,56,5879,1
582,,,,56,123,1
583,,,,56,205,1
584,,,,56,1230,1
585,,,,56,3309,1
586,,,,56,707,1
587,,,,56,4099,1
588,,,,56,4101,1
589,,,,56,4155,1
590,,,,56,318,1
591,,,,56,4080,1
592,,,,56,4102,1
593,,,,56,4104,1
594,,,,56,5880,1
595,,,,56,3710,1
596,,,,57,1355,1
597,,,,57,1034,1
598,,,,57,1062,1
599,,,,57,5881,1
600,,,,57,476,1
601,,,,57,1222,1
602,,,,57,282,1
603,,,,57,212,1
604,,,,57,717,1
605,,,,57,142,1
606,,,,57,2036,1
607,,,,57,2082,1
608,,,,57,294,1
609,,,,57,2620,1
610,,,,57,296,1
611,,,,57,736,1
612,,,,58,3530,1
613,,,,58,1101,1
614,,,,58,1966,1
615,,,,58,2079,1
616,,,,58,1148,1
617,,,,58,4136,1
618,,,,58,5882,1
619,,,,58,468,1
620,,,,58,2076,1
621,,,,58,5883,1
622,,,,58,176,1
623,,,,58,206,1
624,,,,58,688,1
625,,,,59,485,1
626,,,,59,2073,1
627,,,,59,637,1
628,,,,59,2707,1
629,,,,59,29,1
630,,,,59,961,1
631,,,,59,1227,1
632,,,,59,707,1
633,,,,59,2100,1
634,,,,59,2079,1
635,,,,59,436,1
636,,,,60,5884,1
637,,,,61,245,1
638,,,,61,3832,1
639,,,,61,629,1
640,,,,61,4082,1
641,,,,61,4158,1
642,,,,61,1368,1
643,,,,61,336,1
644,,,,61,2007,1
645,,,,61,4047,1
646,,,,61,327,1
647,,,,61,760,1
648,,,,61,210,1
649,,,,61,322,1
650,,,,61,5885,1
651,,,,61,944,1
652,,,,62,5887,1
653,,,,62,4165,1
654,,,,62,5891,1
655,,,,62,6714,1
656,,,,62,5886,1
657,,,,62,5889,1
658,,,,62,5888,1
659,,,,62,991,1
660,,,,62,5892,1
661,,,,62,5890,1
662,,,,62,835,1
663,,,,63,5854,1
664,,,,63,817,1
665,,,,63,1524,1
666,,,,63,2138,1
667,,,,63,2696,1
668,,,,63,2540,1
669,,,,63,5776,1
670,,,,63,5893,1
671,,,,63,4238,1
672,,,,63,897,1
673,,,,63,3133,1
674,,,,63,2599,1
675,,,,63,1279,1
676,,,,64,1060,1
677,,,,64,631,1
678,,,,64,2182,1
679,,,,64,3317,1
680,,,,64,566,1
681,,,,64,1211,1
682,,,,64,1122,1
683,,,,64,695,1
684,,,,64,760,1
685,,,,64,1273,1
686,,,,64,5895,1
687,,,,64,3133,1
688,,,,64,5896,1
689,,,,64,2082,1
690,,,,64,4106,1
691,,,,64,5894,1
692,,,,64,3304,1
693,,,,64,835,1
694,,,,64,897,1
695,,,,65,4272,1
696,,,,65,4270,1
697,,,,65,292,1
698,,,,66,5897,1
699,,,,66,4272,1
700,,,,66,4270,1
701,,,,66,1126,1
702,,,,67,4270,1
703,,,,67,5898,1
704,,,,67,5899,1
705,,,,68,4270,1
706,,,,68,5901,1
707,,,,68,5900,1
708,,,,69,2690,1
709,,,,69,639,1
710,,,,69,1115,1
711,,,,69,524,1
712,,,,69,2282,1
713,,,,69,485,1
714,,,,69,687,1
715,,,,69,2123,1
716,,,,69,2682,1
717,,,,69,954,1
718,,,,69,1034,1
719,,,,69,3135,1
720,,,,69,212,1
721,,,,69,1208,1
722,,,,69,2519,1
723,,,,69,2162,1
724,,,,69,873,1
725,,,,69,477,1
726,,,,70,1221,1
727,,,,70,4412,1
728,,,,70,4525,1
729,,,,70,1012,1
730,,,,70,335,1
731,,,,70,870,1
732,,,,70,817,1
733,,,,70,610,1
734,,,,70,4489,1
735,,,,70,5906,1
736,,,,71,826,1
737,,,,71,667,1
738,,,,71,4326,1
739,,,,71,4472,1
740,,,,71,2483,1
741,,,,71,4418,1
742,,,,71,5905,1
743,,,,71,4063,1
744,,,,71,5904,1
745,,,,71,5903,1
746,,,,71,5902,1
747,,,,71,5906,1
748,,,,71,5907,1
749,,,,72,5909,1
750,,,,72,335,1
751,,,,72,3590,1
752,,,,72,5908,1
753,,,,72,1060,1
754,,,,72,4516,1
755,,,,72,4412,1
756,,,,72,1820,1
757,,,,72,6124,1
758,,,,72,5906,1
759,,,,72,4586,1
760,,,,72,6586,1
761,,,,73,5912,1
762,,,,73,4270,1
763,,,,73,5911,1
764,,,,73,5915,1
765,,,,73,698,1
766,,,,73,5916,1
767,,,,73,1266,1
768,,,,73,2958,1
769,,,,73,291,1
770,,,,73,282,1
771,,,,73,455,1
772,,,,73,3199,1
773,,,,73,3437,1
774,,,,73,5913,1
775,,,,73,4492,1
776,,,,73,4509,1
777,,,,73,4716,1
778,,,,73,4586,1
779,,,,73,1639,1
780,,,,73,5914,1
781,,,,73,5910,1
782,,,,73,785,1
783,,,,73,718,1
784,,,,73,327,1
785,,,,73,348,1
786,,,,73,4555,1
787,,,,74,5817,1
788,,,,74,590,1
789,,,,74,4567,1
790,,,,74,3309,1
791,,,,74,1258,1
792,,,,74,4344,1
793,,,,74,707,1
794,,,,74,1167,1
795,,,,74,5918,1
796,,,,74,5917,1
797,,,,74,5920,1
798,,,,74,4270,1
799,,,,74,5921,1
800,,,,74,5375,1
801,,,,74,5919,1
802,,,,75,639,1
803,,,,75,4442,1
804,,,,75,2151,1
805,,,,75,1064,1
806,,,,75,2009,1
807,,,,75,322,1
808,,,,75,598,1
809,,,,75,559,1
810,,,,75,566,1
811,,,,75,168,1
812,,,,75,187,1
813,,,,75,3133,1
814,,,,75,4573,1
815,,,,75,3549,1
816,,,,75,1622,1
817,,,,75,4270,1
818,,,,75,5921,1
819,,,,76,1266,1
820,,,,76,5922,1
821,,,,76,4586,1
822,,,,76,1350,1
823,,,,76,4503,1
824,,,,76,2688,1
825,,,,76,1333,1
826,,,,76,1060,1
827,,,,76,598,1
828,,,,76,708,1
829,,,,76,5917,1
830,,,,76,5924,1
831,,,,76,5923,1
832,,,,76,4270,1
833,,,,76,5921,1
834,,,,77,2527,1
835,,,,77,1064,1
836,,,,77,4610,1
837,,,,77,1026,1
838,,,,77,808,1
839,,,,77,327,1
840,,,,77,5928,1
841,,,,77,4614,1
842,,,,77,4654,1
843,,,,77,1176,1
844,,,,77,266,1
845,,,,77,4609,1
846,,,,77,1054,1
847,,,,77,1048,1
848,,,,77,4615,1
849,,,,77,4586,1
850,,,,77,5925,1
851,,,,77,5929,1
852,,,,77,5926,1
853,,,,77,5927,1
854,,,,77,4608,1
855,,,,78,795,1
856,,,,78,327,1
857,,,,78,2092,1
858,,,,78,4609,1
859,,,,78,4614,1
860,,,,78,5931,1
861,,,,78,2483,1
862,,,,78,4615,1
863,,,,78,5929,1
864,,,,78,559,1
865,,,,78,565,1
866,,,,78,39,1
867,,,,78,5930,1
868,,,,78,5926,1
869,,,,78,4608,1
870,,,,78,5927,1
871,,,,79,5938,1
872,,,,79,5941,1
873,,,,79,5942,1
874,,,,79,5932,1
875,,,,79,5935,1
876,,,,79,5936,1
877,,,,79,3353,1
878,,,,79,3429,1
879,,,,79,5934,1
880,,,,79,5940,1
881,,,,79,5937,1
882,,,,79,5933,1
883,,,,79,5939,1
884,,,,79,5943,1
885,,,,79,112,1
886,,,,79,524,1
887,,,,79,327,1
888,,,,79,572,1
889,,,,80,2339,1
890,,,,80,3429,1
891,,,,80,4725,1
892,,,,80,3353,1
893,,,,80,5941,1
894,,,,80,2027,1
895,,,,80,687,1
896,,,,80,3530,1
897,,,,80,5944,1
898,,,,80,698,1
899,,,,80,5868,1
900,,,,80,5943,1
901,,,,81,1975,1
902,,,,81,1086,1
903,,,,81,2281,1
904,,,,81,2207,1
905,,,,81,1000,1
906,,,,81,4508,1
907,,,,81,5948,1
908,,,,81,335,1
909,,,,81,2248,1
910,,,,81,2611,1
911,,,,81,2049,1
912,,,,81,2732,1
913,,,,81,5829,1
914,,,,81,2447,1
915,,,,81,4770,1
916,,,,81,5947,1
917,,,,81,5946,1
918,,,,81,5945,1
919,,,,82,1065,1
920,,,,82,1900,1
921,,,,82,206,1
922,,,,82,1922,1
923,,,,82,2777,1
924,,,,82,2307,1
925,,,,82,2860,1
926,,,,82,5950,1
927,,,,82,1863,1
928,,,,82,142,1
929,,,,82,2128,1
930,,,,82,565,1
931,,,,82,717,1
932,,,,82,6370,1
933,,,,82,2550,1
934,,,,82,2317,1
935,,,,82,2652,1
936,,,,82,2392,1
937,,,,82,986,1
938,,,,82,5951,1
939,,,,82,5949,1
940,,,,83,1872,1
941,,,,83,2423,1
942,,,,83,2248,1
943,,,,83,1355,1
944,,,,83,359,1
945,,,,83,2466,1
946,,,,83,206,1
947,,,,83,1589,1
948,,,,83,2402,1
949,,,,83,149,1
950,,,,83,2251,1
951,,,,83,2611,1
952,,,,83,848,1
953,,,,83,3211,1
954,,,,83,2212,1
955,,,,83,903,1
956,,,,83,5829,1
957,,,,83,5844,1
958,,,,83,5946,1
959,,,,83,5952,1
960,,,,84,1086,1
961,,,,84,698,1
962,,,,84,2221,1
963,,,,84,2882,1
964,,,,84,1350,1
965,,,,84,1939,1
966,,,,84,205,1
967,,,,84,2343,1
968,,,,84,178,1
969,,,,84,914,1
970,,,,84,5951,1
971,,,,84,5953,1
972,,,,84,6467,1
973,,,,84,123,1
974,,,,84,1041,1
975,,,,84,2293,1
976,,,,84,398,1
977,,,,84,2179,1
978,,,,85,206,1
979,,,,85,327,1
980,,,,85,1716,1
981,,,,85,3534,1
982,,,,85,5954,1
983,,,,85,1474,1
984,,,,85,336,1
985,,,,85,2059,1
986,,,,85,695,1
987,,,,85,205,1
988,,,,85,566,1
989,,,,85,195,1
990,,,,85,168,1
991,,,,85,187,1
992,,,,85,1086,1
993,,,,85,210,1
994,,,,86,1173,1
995,,,,86,687,1
996,,,,86,5955,1
997,,,,86,210,1
998,,,,86,688,1
999,,,,86,1086,1
1000,,,,86,2082,1
1001,,,,86,1258,1
1002,,,,86,1034,1
1003,,,,86,524,1
1004,,,,87,2668,1
1005,,,,87,2112,1
1006,,,,87,2162,1
1007,,,,87,5956,1
1008,,,,87,744,1
1009,,,,87,3841,1
1010,,,,87,718,1
1011,,,,87,2243,1
1012,,,,87,5952,1
1013,,,,87,5946,1
1014,,,,87,5829,1
1015,,,,87,5844,1
1016,,,,88,2735,1
1017,,,,88,2823,1
1018,,,,88,1125,1
1019,,,,88,2435,1
1020,,,,88,4827,1
1021,,,,88,2386,1
1022,,,,88,2396,1
1023,,,,88,3218,1
1024,,,,88,691,1
1025,,,,88,2423,1
1026,,,,88,2684,1
1027,,,,88,3650,1
1028,,,,88,565,1
1029,,,,88,2301,1
1030,,,,88,1281,1
1031,,,,88,479,1
1032,,,,89,594,1
1033,,,,89,2283,1
1034,,,,89,2280,1
1035,,,,89,1992,1
1036,,,,89,2924,1
1037,,,,89,1030,1
1038,,,,89,2389,1
1039,,,,89,2320,1
1040,,,,89,2082,1
1041,,,,89,1998,1
1042,,,,89,5958,1
1043,,,,89,2502,1
1044,,,,89,2323,1
1045,,,,89,1900,1
1046,,,,89,247,1
1047,,,,89,2345,1
1048,,,,89,5959,1
1049,,,,89,5957,1
1050,,,,89,2490,1
1051,,,,90,210,1
1052,,,,90,112,1
1053,,,,90,2243,1
1054,,,,90,2175,1
1055,,,,90,39,1
1056,,,,90,2108,1
1057,,,,90,2198,1
1058,,,,90,4294,1
1059,,,,90,2104,1
1060,,,,90,2171,1
1061,,,,90,950,1
1062,,,,90,184,1
1063,,,,90,4865,1
1064,,,,90,178,1
1065,,,,91,2283,1
1066,,,,91,2882,1
1067,,,,91,149,1
1068,,,,91,247,1
1069,,,,91,3135,1
1070,,,,91,386,1
1071,,,,91,852,1
1072,,,,91,706,1
1073,,,,91,282,1
1074,,,,92,841,1
1075,,,,92,1276,1
1076,,,,92,2007,1
1077,,,,92,2833,1
1078,,,,92,2053,1
1079,,,,92,708,1
1080,,,,92,2625,1
1081,,,,92,323,1
1082,,,,92,2738,1
1083,,,,92,1041,1
1084,,,,92,2462,1
1085,,,,92,479,1
1086,,,,92,3305,1
1087,,,,92,991,1
1088,,,,92,2248,1
1089,,,,92,184,1
1090,,,,92,1000,1
1091,,,,93,1115,1
1092,,,,93,2467,1
1093,,,,93,722,1
1094,,,,93,639,1
1095,,,,93,2680,1
1096,,,,93,393,1
1097,,,,93,921,1
1098,,,,93,4047,1
1099,,,,93,565,1
1100,,,,93,178,1
1101,,,,93,1041,1
1102,,,,93,336,1
1103,,,,93,2052,1
1104,,,,93,212,1
1105,,,,93,688,1
1106,,,,94,2336,1
1107,,,,94,2108,1
1108,,,,94,4865,1
1109,,,,94,817,1
1110,,,,94,2466,1
1111,,,,94,886,1
1112,,,,94,944,1
1113,,,,94,2684,1
1114,,,,94,2409,1
1115,,,,94,322,1
1116,,,,94,2833,1
1117,,,,94,2732,1
1118,,,,94,687,1
1119,,,,94,795,1
1120,,,,94,5961,1
1121,,,,94,5960,1
1122,,,,95,296,1
1123,,,,95,1990,1
1124,,,,95,2684,1
1125,,,,95,336,1
1126,,,,95,2652,1
1127,,,,95,524,1
1128,,,,95,5829,1
1129,,,,95,5844,1
1130,,,,95,6566,1
1131,,,,95,5946,1
1132,,,,95,586,1
1133,,,,96,4865,1
1134,,,,96,2654,1
1135,,,,96,639,1
1136,,,,96,190,1
1137,,,,96,1086,1
1138,,,,96,2886,1
1139,,,,96,2007,1
1140,,,,96,212,1
1141,,,,96,5962,1
1142,,,,96,6565,1
1143,,,,96,6566,1
1144,,,,96,6567,1
1145,,,,96,5946,1
1146,,,,97,3358,1
1147,,,,97,3534,1
1148,,,,97,1107,1
1149,,,,97,2778,1
1150,,,,97,5952,1
1151,,,,97,5946,1
1152,,,,97,5829,1
1153,,,,97,2614,1
1154,,,,97,2435,1
1155,,,,98,5963,1
1156,,,,98,5964,1
1157,,,,98,1086,1
1158,,,,98,550,1
1159,,,,98,639,1
1160,,,,98,944,1
1161,,,,98,212,1
1162,,,,98,2207,1
1163,,,,98,1711,1
1164,,,,98,5967,1
1165,,,,98,5965,1
1166,,,,98,587,1
1167,,,,98,4864,1
1168,,,,98,760,1
1169,,,,98,5966,1
1170,,,,98,247,1
1171,,,,98,712,1
1172,,,,98,664,1
1173,,,,98,1939,1
1174,,,,98,1132,1
1175,,,,98,559,1
1176,,,,98,921,1
1177,,,,98,219,1
1178,,,,98,142,1
1179,,,,98,3582,1
1180,,,,98,4872,1
1181,,,,99,5963,1
1182,,,,99,5964,1
1183,,,,99,1086,1
1184,,,,99,550,1
1185,,,,99,639,1
1186,,,,99,944,1
1187,,,,99,212,1
1188,,,,99,2207,1
1189,,,,99,1711,1
1190,,,,99,5967,1
1191,,,,99,5965,1
1192,,,,99,587,1
1193,,,,99,4864,1
1194,,,,99,760,1
1195,,,,99,5966,1
1196,,,,99,247,1
1197,,,,99,712,1
1198,,,,99,664,1
1199,,,,99,1939,1
1200,,,,99,1132,1
1201,,,,99,559,1
1202,,,,99,921,1
1203,,,,99,219,1
1204,,,,99,142,1
1205,,,,99,3582,1
1206,,,,99,4872,1
1207,,,,100,3605,1
1208,,,,100,3608,1
1209,,,,100,5966,1
1210,,,,100,1064,1
1211,,,,100,2466,1
1212,,,,100,2037,1
1213,,,,100,1273,1
1214,,,,100,5968,1
1215,,,,100,4050,1
1216,,,,101,1138,1
1217,,,,101,2420,1
1218,,,,101,3174,1
1219,,,,101,168,1
1220,,,,101,2838,1
1221,,,,101,1173,1
1222,,,,101,2611,1
1223,,,,101,2821,1
1224,,,,101,2207,1
1225,,,,101,524,1
1226,,,,101,5969,1
1227,,,,101,5970,1
1228,,,,102,2771,1
1229,,,,102,184,1
1230,,,,102,3621,1
1231,,,,102,2261,1
1232,,,,102,3605,1
1233,,,,102,1122,1
1234,,,,102,1211,1
1235,,,,102,2765,1
1236,,,,102,3630,1
1237,,,,102,1988,1
1238,,,,102,1355,1
1239,,,,102,5971,1
1240,,,,102,612,1
1241,,,,103,762,1
1242,,,,103,5977,1
1243,,,,103,3626,1
1244,,,,103,707,1
1245,,,,103,1115,1
1246,,,,103,1444,1
1247,,,,103,3538,1
1248,,,,103,1054,1
1249,,,,103,5978,1
1250,,,,103,5975,1
1251,,,,103,5974,1
1252,,,,103,5976,1
1253,,,,103,5973,1
1254,,,,103,5972,1
1255,,,,103,7349,1
1256,,,,104,5981,1
1257,,,,104,1386,1
1258,,,,104,3112,1
1259,,,,104,3648,1
1260,,,,104,3136,1
1261,,,,104,1222,1
1262,,,,104,2082,1
1263,,,,104,5982,1
1264,,,,104,266,1
1265,,,,104,262,1
1266,,,,104,318,1
1267,,,,104,5934,1
1268,,,,104,5780,1
1269,,,,104,5979,1
1270,,,,104,5980,1
1271,,,,105,687,1
1272,,,,105,3395,1
1273,,,,105,835,1
1274,,,,105,2338,1
1275,,,,105,348,1
1276,,,,105,5773,1
1277,,,,105,6213,1
1278,,,,105,5027,1
1279,,,,105,631,1
1280,,,,105,4886,1
1281,,,,105,5985,1
1282,,,,105,5984,1
1283,,,,105,4907,1
1284,,,,105,4898,1
1285,,,,105,5983,1
1286,,,,105,691,1
1287,,,,106,1094,1
1288,,,,106,991,1
1289,,,,106,707,1
1290,,,,106,3584,1
1291,,,,106,4926,1
1292,,,,106,950,1
1293,,,,106,247,1
1294,,,,106,4927,1
1295,,,,106,5986,1
1296,,,,106,5988,1
1297,,,,106,7507,1
1298,,,,106,5990,1
1299,,,,106,6579,1
1300,,,,106,5992,1
1301,,,,106,6776,1
1302,,,,106,5991,1
1303,,,,106,549,1
1304,,,,106,5987,1
1305,,,,107,1386,1
1306,,,,107,795,1
1307,,,,107,5993,1
1308,,,,107,1524,1
1309,,,,107,2435,1
1310,,,,107,176,1
1311,,,,107,3635,1
1312,,,,107,5994,1
1313,,,,107,5995,1
1314,,,,107,1214,1
1315,,,,107,5998,1
1316,,,,107,5997,1
1317,,,,107,5996,1
1318,,,,108,6015,1
1319,,,,108,4989,1
1320,,,,108,6003,1
1321,,,,108,6004,1
1322,,,,108,4872,1
1323,,,,108,6001,1
1324,,,,108,6017,1
1325,,,,108,6007,1
1326,,,,108,6013,1
1327,,,,108,4976,1
1328,,,,108,6006,1
1329,,,,108,6010,1
1330,,,,108,6005,1
1331,,,,108,4972,1
1332,,,,108,886,1
1333,,,,108,5018,1
1334,,,,108,1867,1
1335,,,,108,5996,1
1336,,,,108,6019,1
1337,,,,108,6002,1
1338,,,,108,6009,1
1339,,,,108,6018,1
1340,,,,108,6000,1
1341,,,,108,5964,1
1342,,,,108,3388,1
1343,,,,108,2466,1
1344,,,,108,4986,1
1345,,,,108,6008,1
1346,,,,108,6014,1
1347,,,,108,5999,1
1348,,,,108,1639,1
1349,,,,108,39,1
1350,,,,108,6016,1
1351,,,,108,6012,1
1352,,,,108,4982,1
1353,,,,108,5963,1
1354,,,,108,4974,1
1355,,,,108,6011,1
1356,,,,108,5005,1
1357,,,,109,212,1
1358,,,,109,6031,1
1359,,,,109,6023,1
1360,,,,109,6033,1
1361,,,,109,5021,1
1362,,,,109,6020,1
1363,,,,109,6022,1
1364,,,,109,6026,1
1365,,,,109,4982,1
1366,,,,109,6030,1
1367,,,,109,6027,1
1368,,,,109,2738,1
1369,,,,109,6034,1
1370,,,,109,6025,1
1371,,,,109,6024,1
1372,,,,109,6021,1
1373,,,,109,6028,1
1374,,,,109,6029,1
1375,,,,109,6032,1
1376,,,,110,5027,1
1377,,,,110,6039,1
1378,,,,110,3807,1
1379,,,,110,6038,1
1380,,,,110,184,1
1381,,,,110,707,1
1382,,,,110,3815,1
1383,,,,110,722,1
1384,,,,110,1285,1
1385,,,,110,6037,1
1386,,,,110,6035,1
1387,,,,110,6036,1
1388,,,,111,5027,1
1389,,,,111,6039,1
1390,,,,111,1669,1
1391,,,,111,3077,1
1392,,,,111,6038,1
1393,,,,111,6036,1
1394,,,,111,6035,1
1395,,,,111,791,1
1396,,,,111,3075,1
1397,,,,111,184,1
1398,,,,111,6037,1
1399,,,,112,4865,1
1400,,,,112,2587,1
1401,,,,112,1173,1
1402,,,,112,398,1
1403,,,,112,52,1
1404,,,,112,206,1
1405,,,,112,292,1
1406,,,,112,2582,1
1407,,,,112,848,1
1408,,,,112,2339,1
1409,,,,112,2654,1
1410,,,,112,1509,1
1411,,,,112,606,1
1412,,,,113,3309,1
1413,,,,113,5057,1
1414,,,,113,327,1
1415,,,,113,120,1
1416,,,,113,6043,1
1417,,,,113,5059,1
1418,,,,113,6040,1
1419,,,,113,6485,1
1420,,,,113,6042,1
1421,,,,113,6041,1
1422,,,,114,6042,1
1423,,,,114,1000,1
1424,,,,114,4490,1
1425,,,,114,1248,1
1426,,,,114,102,1
1427,,,,114,1041,1
1428,,,,114,417,1
1429,,,,114,5056,1
1430,,,,114,455,1
1431,,,,114,6043,1
1432,,,,114,722,1
1433,,,,114,1037,1
1434,,,,114,476,1
1435,,,,114,908,1
1436,,,,114,2073,1
1437,,,,115,4327,1
1438,,,,115,349,1
1439,,,,115,1281,1
1440,,,,115,6044,1
1441,,,,115,3710,1
1442,,,,115,3305,1
1443,,,,115,6045,1
1444,,,,115,559,1
1445,,,,115,2269,1
1446,,,,115,524,1
1447,,,,115,6046,1
1448,,,,116,210,1
1449,,,,116,886,1
1450,,,,116,600,1
1451,,,,116,944,1
1452,,,,116,303,1
1453,,,,116,2198,1
1454,,,,116,246,1
1455,,,,116,2460,1
1456,,,,116,2740,1
1457,,,,116,2120,1
1458,,,,116,6404,1
1459,,,,116,2398,1
1460,,,,116,3539,1
1461,,,,116,2117,1
1462,,,,116,2611,1
1463,,,,116,2473,1
1464,,,,116,817,1
1465,,,,116,2553,1
1466,,,,116,991,1
1467,,,,116,4785,1
1468,,,,116,2604,1
1469,,,,116,524,1
1470,,,,117,6047,1
1471,,,,117,6050,1
1472,,,,117,6048,1
1473,,,,117,6052,1
1474,,,,117,1266,1
1475,,,,117,3462,1
1476,,,,117,5149,1
1477,,,,117,1834,1
1478,,,,117,5854,1
1479,,,,117,590,1
1480,,,,117,725,1
1481,,,,117,2139,1
1482,,,,117,6053,1
1483,,,,117,5027,1
1484,,,,117,2670,1
1485,,,,117,6054,1
1486,,,,117,6051,1
1487,,,,117,637,1
1488,,,,117,3666,1
1489,,,,117,4110,1
1490,,,,117,6049,1
1491,,,,118,175,1
1492,,,,118,848,1
1493,,,,118,6054,1
1494,,,,118,6051,1
1495,,,,118,637,1
1496,,,,118,6056,1
1497,,,,118,3186,1
1498,,,,118,744,1
1499,,,,118,6055,1
1500,,,,119,6051,1
1501,,,,119,2516,1
1502,,,,119,1086,1
1503,,,,119,6056,1
1504,,,,119,3328,1
1505,,,,119,2088,1
1506,,,,119,4294,1
1507,,,,119,1377,1
1508,,,,119,5095,1
1509,,,,119,2139,1
1510,,,,119,1493,1
1511,,,,119,2289,1
1512,,,,119,2138,1
1513,,,,119,6006,1
1514,,,,120,6057,1
1515,,,,120,4204,1
1516,,,,120,5107,1
1517,,,,120,618,1
1518,,,,120,4077,1
1519,,,,120,2540,1
1520,,,,120,1493,1
1521,,,,120,6059,1
1522,,,,120,4205,1
1523,,,,120,6051,1
1524,,,,120,2516,1
1525,,,,120,4220,1
1526,,,,120,1983,1
1527,,,,120,848,1
1528,,,,120,1524,1
1529,,,,120,1206,1
1530,,,,120,6058,1
1531,,,,121,6066,1
1532,,,,121,6060,1
1533,,,,121,6064,1
1534,,,,121,6065,1
1535,,,,121,6062,1
1536,,,,121,4212,1
1537,,,,121,2032,1
1538,,,,121,4211,1
1539,,,,121,781,1
1540,,,,121,4225,1
1541,,,,121,1025,1
1542,,,,121,850,1
1543,,,,121,5106,1
1544,,,,121,2540,1
1545,,,,121,707,1
1546,,,,121,1415,1
1547,,,,121,6063,1
1548,,,,121,6061,1
1549,,,,122,5199,1
1550,,,,122,5027,1
1551,,,,122,246,1
1552,,,,122,282,1
1553,,,,122,3133,1
1554,,,,122,3595,1
1555,,,,122,6762,1
1556,,,,122,5988,1
1557,,,,122,6067,1
1558,,,,123,5199,1
1559,,,,123,282,1
1560,,,,123,559,1
1561,,,,123,5027,1
1562,,,,123,6762,1
1563,,,,123,5988,1
1564,,,,123,6067,1
1565,,,,123,3133,1
1566,,,,124,6069,1
1567,,,,124,937,1
1568,,,,124,572,1
1569,,,,124,2323,1
1570,,,,124,248,1
1571,,,,124,2965,1
1572,,,,124,3395,1
1573,,,,124,417,1
1574,,,,124,52,1
1575,,,,124,631,1
1576,,,,124,348,1
1577,,,,124,3387,1
1578,,,,124,282,1
1579,,,,124,698,1
1580,,,,124,6068,1
1581,,,,125,6065,1
1582,,,,125,5974,1
1583,,,,125,5968,1
1584,,,,125,6075,1
1585,,,,125,6070,1
1586,,,,125,1115,1
1587,,,,125,1266,1
1588,,,,125,5218,1
1589,,,,125,1173,1
1590,,,,125,6072,1
1591,,,,125,6073,1
1592,,,,125,6074,1
1593,,,,125,245,1
1594,,,,125,1922,1
1595,,,,125,6071,1
1596,,,,125,5975,1
1597,,,,125,5815,1
1598,,,,125,6484,1
1599,,,,126,5968,1
1600,,,,126,2269,1
1601,,,,126,664,1
1602,,,,126,6065,1
1603,,,,126,282,1
1604,,,,126,52,1
1605,,,,126,5218,1
1606,,,,126,722,1
1607,,,,126,6070,1
1608,,,,126,6071,1
1609,,,,126,5975,1
1610,,,,126,5815,1
1611,,,,126,6484,1
1612,,,,127,5968,1
1613,,,,127,664,1
1614,,,,127,6065,1
1615,,,,127,2171,1
1616,,,,127,4865,1
1617,,,,127,1266,1
1618,,,,127,1273,1
1619,,,,127,6070,1
1620,,,,127,6071,1
1621,,,,127,5975,1
1622,,,,127,6076,1
1623,,,,127,6742,1
1624,,,,127,6743,1
1625,,,,127,5815,1
1626,,,,127,6484,1
1627,,,,128,6080,1
1628,,,,128,5968,1
1629,,,,128,184,1
1630,,,,128,246,1
1631,,,,128,6079,1
1632,,,,128,6065,1
1633,,,,128,282,1
1634,,,,128,1266,1
1635,,,,128,6070,1
1636,,,,128,5815,1
1637,,,,128,6484,1
1638,,,,128,6077,1
1639,,,,128,6347,1
1640,,,,128,6348,1
1641,,,,128,6078,1
1642,,,,128,6585,1
1643,,,,128,6081,1
1644,,,,128,6076,1
1645,,,,128,6742,1
1646,,,,128,6743,1
1647,,,,129,6082,1
1648,,,,130,6083,1
1649,,,,130,6084,1
1650,,,,131,6085,1
1651,,,,131,6086,1
1652,,,,131,5859,1
1653,,,,131,730,1
1654,,,,131,1498,1
1655,,,,131,3052,1
1656,,,,131,123,1
1657,,,,131,1065,1
1658,,,,132,6095,1
1659,,,,132,6092,1
1660,,,,132,6096,1
1661,,,,132,6088,1
1662,,,,132,6093,1
1663,,,,132,6087,1
1664,,,,132,6094,1
1665,,,,132,6089,1
1666,,,,132,6091,1
1667,,,,132,6090,1
1668,,,,132,6098,1
1669,,,,132,6097,1
1670,,,,133,6095,1
1671,,,,133,6092,1
1672,,,,133,6096,1
1673,,,,133,6088,1
1674,,,,133,6093,1
1675,,,,133,6087,1
1676,,,,133,6094,1
1677,,,,133,6089,1
1678,,,,133,6091,1
1679,,,,133,6090,1
1680,,,,133,6098,1
1681,,,,133,6097,1
1682,,,,134,6095,1
1683,,,,134,6092,1
1684,,,,134,6096,1
1685,,,,134,6088,1
1686,,,,134,6093,1
1687,,,,134,6087,1
1688,,,,134,6094,1
1689,,,,134,6089,1
1690,,,,134,6091,1
1691,,,,134,6090,1
1692,,,,134,6098,1
1693,,,,134,6097,1
1694,,,,135,6095,1
1695,,,,135,6092,1
1696,,,,135,6096,1
1697,,,,135,6088,1
1698,,,,135,6093,1
1699,,,,135,6087,1
1700,,,,135,6094,1
1701,,,,135,6089,1
1702,,,,135,6091,1
1703,,,,135,6090,1
1704,,,,135,6098,1
1705,,,,135,6097,1
1706,,,,136,292,1
1707,,,,136,1983,1
1708,,,,136,980,1
1709,,,,136,102,1
1710,,,,136,2046,1
1711,,,,136,785,1
1712,,,,136,866,1
1713,,,,136,5778,1
1714,,,,136,398,1
1715,,,,136,6102,1
1716,,,,136,6101,1
1717,,,,136,6099,1
1718,,,,136,6100,1
1719,,,,137,292,1
1720,,,,137,1983,1
1721,,,,137,980,1
1722,,,,137,102,1
1723,,,,137,2046,1
1724,,,,137,785,1
1725,,,,137,866,1
1726,,,,137,5778,1
1727,,,,137,398,1
1728,,,,137,6102,1
1729,,,,137,6101,1
1730,,,,137,6099,1
1731,,,,137,6100,1
1732,,,,139,5732,1
1733,,,,140,5715,1
1734,,,,140,5731,1
1735,,,,141,5730,1
1736,,,,142,5724,1
1737,,,,143,2179,1
1738,,,,143,1067,1
1739,,,,143,2124,1
1740,,,,143,1899,1
1741,,,,143,6682,1
1742,,,,143,2206,1
1743,,,,143,2840,1
1744,,,,143,3272,1
1745,,,,143,2811,1
1746,,,,143,2154,1
1747,,,,143,1042,1
1748,,,,143,6128,1
1749,,,,143,5817,1
1750,,,,143,850,1
1751,,,,143,292,1
1752,,,,143,2615,1
1753,,,,143,455,1
1754,,,,143,7508,1
1755,,,,143,4119,1
1756,,,,143,2582,1
1757,,,,143,3322,1
1758,,,,143,2339,1
1759,,,,143,2312,1
1760,,,,143,2488,1
1761,,,,143,2121,1
1762,,,,143,2149,1
1763,,,,143,7509,1
1764,,,,143,7510,1
1765,,,,143,4801,1
1766,,,,143,7511,1
1767,,,,143,4253,1
1768,,,,143,7141,1
1769,,,,143,7512,1
1770,,,,143,1000,1
1771,,,,143,2757,1
1772,,,,143,112,1
1773,,,,143,3190,1
1774,,,,143,3589,1
1775,,,,143,4483,1
1776,,,,143,7513,1
1777,,,,143,1342,1
1778,,,,143,3305,1
1779,,,,143,1368,1
1780,,,,143,2409,1
1781,,,,143,1221,1
1782,,,,143,4743,1
1783,,,,143,3336,1
1784,,,,143,3647,1
1785,,,,143,848,1
1786,,,,143,178,1
1787,,,,143,367,1
1788,,,,143,149,1
1789,,,,143,2732,1
1790,,,,143,2210,1
1791,,,,143,2492,1
1792,,,,143,123,1
1793,,,,143,7514,1
1794,,,,143,3617,1
1795,,,,143,6300,1
1796,,,,143,2883,1
1797,,,,143,7515,1
1798,,,,143,1998,1
1799,,,,143,219,1
1800,,,,143,7516,1
1801,,,,143,6574,1
1802,,,,143,685,1
1803,,,,143,3252,1
1804,,,,143,1123,1
1805,,,,143,2711,1
1806,,,,143,2550,1
1807,,,,143,3154,1
1808,,,,143,7517,1
1809,,,,143,393,1
1810,,,,143,1293,1
1811,,,,144,2325,1
1812,,,,144,2680,1
1813,,,,144,2715,1
1814,,,,144,7129,1
1815,,,,144,802,1
1816,,,,144,1899,1
1817,,,,144,1041,1
1818,,,,144,2088,1
1819,,,,144,6717,1
1820,,,,144,2049,1
1821,,,,144,1890,1
1822,,,,144,1283,1
1823,,,,144,2544,1
1824,,,,144,3077,1
1825,,,,144,594,1
1826,,,,144,3216,1
1827,,,,144,2637,1
1828,,,,144,2615,1
1829,,,,144,7518,1
1830,,,,144,13,1
1831,,,,144,615,1
1832,,,,144,848,1
1833,,,,144,2763,1
1834,,,,144,698,1
1835,,,,144,3545,1
1836,,,,144,2215,1
1837,,,,144,2435,1
1838,,,,144,2040,1
1839,,,,144,52,1
1840,,,,144,3156,1
1841,,,,144,2830,1
1842,,,,144,6123,1
1843,,,,144,2456,1
1844,,,,144,2879,1
1845,,,,144,7333,1
1846,,,,144,4508,1
1847,,,,144,4483,1
1848,,,,144,2210,1
1849,,,,144,6496,1
1850,,,,144,2714,1
1851,,,,144,2179,1
1852,,,,144,7519,1
1853,,,,144,2611,1
1854,,,,144,2251,1
1855,,,,144,176,1
1856,,,,144,2597,1
1857,,,,144,6128,1
1858,,,,144,2124,1
1859,,,,144,1817,1
1860,,,,144,1881,1
1861,,,,144,2630,1
1862,,,,144,2807,1
1863,,,,144,2621,1
1864,,,,144,142,1
1865,,,,144,6726,1
1866,,,,144,2754,1
1867,,,,144,587,1
1868,,,,144,1122,1
1869,,,,144,2269,1
1870,,,,144,2054,1
1871,,,,144,3214,1
1872,,,,144,1273,1
1873,,,,144,479,1
1874,,,,144,3218,1
1875,,,,144,2820,1
1876,,,,144,7327,1
1877,,,,144,7520,1
1878,,,,144,3305,1
1879,,,,144,2409,1
1880,,,,144,2120,1
1881,,,,144,520,1
1882,,,,144,2466,1
1883,,,,144,2646,1
1884,,,,144,2190,1
1885,,,,144,4743,1
1886,,,,144,3336,1
1887,,,,144,7513,1
1888,,,,144,3331,1
1889,,,,144,367,1
1890,,,,144,393,1
1891,,,,144,1342,1
1892,,,,144,4253,1
1893,,,,144,1293,1
1894,,,,144,394,1
1895,,,,144,149,1
1896,,,,144,2732,1
1897,,,,144,1067,1
1898,,,,144,2816,1
1899,,,,144,6044,1
1900,,,,144,600,1
1901,,,,144,2339,1
1902,,,,144,3188,1
1903,,,,144,6284,1
1904,,,,144,4773,1
1905,,,,144,3617,1
1906,,,,144,685,1
1907,,,,144,4801,1
1908,,,,144,667,1
1909,,,,144,2206,1
1910,,,,144,7510,1
1911,,,,144,1030,1
1912,,,,144,2711,1
1913,,,,144,7521,1
1914,,,,144,2345,1
1915,,,,144,2561,1
1916,,,,144,694,1
1917,,,,144,7522,1
1918,,,,144,184,1
1919,,,,144,1042,1
1920,,,,144,4746,1
1921,,,,144,2321,1
1922,,,,144,144,1
1923,,,,144,6601,1
1924,,,,144,5817,1
1925,,,,144,7523,1
1926,,,,144,455,1
1927,,,,144,7508,1
1928,,,,144,292,1
1929,,,,144,845,1
1930,,,,144,886,1
1931,,,,144,3151,1
1932,,,,144,598,1
1933,,,,144,5003,1
1934,,,,144,7047,1
1935,,,,144,639,1
1936,,,,144,178,1
1937,,,,144,2005,1
1938,,,,144,2872,1
1939,,,,144,7517,1
1940,,,,144,844,1
1941,,,,144,123,1
1942,,,,144,2301,1
1943,,,,144,1473,1
1944,,,,144,2312,1
1945,,,,144,2817,1
1946,,,,144,6300,1
1947,,,,144,2121,1
1948,,,,144,1998,1
1949,,,,144,2823,1
1950,,,,144,7509,1
1951,,,,144,7141,1
1952,,,,144,3154,1
1953,,,,144,2590,1
1954,,,,144,707,1
1955,,,,144,2488,1
1956,,,,144,3252,1
1957,,,,144,7514,1
1958,,,,144,7524,1
1959,,,,144,2493,1
1960,,,,144,2585,1
1961,,,,144,436,1
1962,,,,144,2156,1
1963,,,,144,1148,1
1964,,,,144,2116,1
1965,,,,144,3505,1
1966,,,,144,2628,1
1967,,,,144,1037,1
1968,,,,144,4119,1
1969,,,,144,5945,1
1970,,,,144,5946,1
1971,,,,144,4744,1
1972,,,,144,3195,1
1973,,,,144,687,1
1974,,,,144,223,1
1975,,,,144,3322,1
1976,,,,144,2389,1
1977,,,,144,2883,1
1978,,,,144,7515,1
1979,,,,144,7525,1
1980,,,,144,2149,1
1981,,,,144,6574,1
1982,,,,144,2512,1
1983,,,,144,2550,1
1984,,,,144,4113,1
1985,,,,144,6922,1
1986,,,,144,3828,1
1987,,,,144,4762,1
1988,,,,144,1355,1
1989,,,,144,712,1
1990,,,,144,2483,1
1991,,,,144,2128,1
1992,,,,145,7504,1
1993,,,,145,7505,1
1994,,,,145,7506,1
1995,,,,145,6431,1
1996,,,,145,7086,1
1997,,,,145,5754,1
1998,,,,145,6493,1
1999,,,,145,6224,1
2000,,,,145,7201,1
2001,,,,147,5772,1
2002,,,,147,1225,1
2003,,,,147,5770,1
2004,,,,147,1972,1
2005,,,,147,1214,1
2006,,,,147,1983,1
2007,,,,147,1086,1
2008,,,,148,1355,1
2009,,,,148,1041,1
2010,,,,148,1349,1
2011,,,,148,5778,1
2012,,,,148,3741,1
2013,,,,149,7526,1
2014,,,,149,7527,1
2015,,,,149,7528,1
2016,,,,149,7529,1
2017,,,,149,4270,1
2018,,,,149,4272,1
2019,,,,149,7530,1
2020,,,,149,7531,1
2021,,,,150,6762,1
2022,,,,150,6694,1
2023,,,,150,39,1
2024,,,,151,7348,1
2025,,,,151,6220,1
2026,,,,151,5706,1
2027,,,,151,5731,1
2028,,,,151,5732,1
2029,,,,151,5721,1
2030,,,,151,5710,1
2031,,,,151,5719,1
2032,,,,151,7532,1
2033,,,,151,7533,1
