pk,jsondata,contribution_pk,contributor_pk,ord,primary,version
1,,1,1,0,t,1
2,,2,1,0,t,1
3,,3,1,0,t,1
4,,4,1,0,t,1
5,,5,1,0,t,1
6,,6,1,0,t,1
7,,7,1,0,t,1
8,,8,1,0,t,1
9,,9,2,0,t,1
10,,10,3,0,t,1
11,,11,1,0,t,1
12,,12,1,0,t,1
13,,13,1,0,t,1
14,,14,4,0,t,1
15,,14,5,1,t,1
16,,15,4,0,t,1
17,,15,5,1,t,1
18,,16,4,0,t,1
19,,16,5,1,t,1
20,,17,4,0,t,1
21,,17,5,1,t,1
22,,18,1,0,t,1
23,,19,1,0,t,1
24,,20,6,0,t,1
25,,20,7,1,t,1
26,,21,6,0,t,1
27,,21,7,1,t,1
28,,22,6,0,t,1
29,,22,7,1,t,1
30,,23,7,0,t,1
31,,23,6,1,t,1
32,,24,7,0,t,1
33,,24,6,1,t,1
34,,25,7,0,t,1
35,,25,6,1,t,1
36,,26,8,0,t,1
37,,27,9,0,t,1
38,,28,10,0,t,1
39,,28,11,1,t,1
40,,29,10,0,t,1
41,,29,11,1,t,1
42,,30,12,0,t,1
43,,31,12,0,t,1
44,,32,12,0,t,1
45,,33,8,0,t,1
46,,34,13,0,t,1
47,,35,14,0,t,1
48,,36,14,0,t,1
49,,36,15,1,t,1
50,,37,8,0,t,1
51,,38,8,0,t,1
52,,39,16,0,t,1
53,,40,16,0,t,1
54,,41,17,0,t,1
55,,42,17,0,t,1
56,,43,18,0,t,1
57,,44,19,0,t,1
58,,45,20,0,t,1
59,,46,13,0,t,1
60,,47,21,0,t,1
61,,47,22,1,t,1
62,,47,23,2,f,1
63,,48,24,0,t,1
64,,49,25,0,t,1
65,,50,25,0,t,1
66,,51,8,0,t,1
67,,52,26,0,t,1
68,,52,27,1,t,1
69,,52,28,2,t,1
70,,53,26,0,t,1
71,,53,29,1,t,1
72,,54,30,0,t,1
73,,55,30,0,t,1
74,,56,30,0,t,1
75,,57,8,0,t,1
76,,58,6,0,t,1
77,,58,7,1,t,1
78,,59,7,0,t,1
79,,59,6,1,t,1
80,,60,30,0,t,1
81,,61,30,0,t,1
82,,62,31,0,t,1
83,,63,32,0,t,1
84,,64,13,0,t,1
85,,65,33,0,t,1
86,,65,34,1,t,1
87,,66,33,0,t,1
88,,66,34,1,t,1
89,,67,33,0,t,1
90,,67,34,1,t,1
91,,68,33,0,t,1
92,,68,34,1,t,1
93,,69,8,0,t,1
94,,70,35,0,t,1
95,,70,36,1,t,1
96,,70,37,2,f,1
97,,70,38,3,f,1
98,,71,35,0,t,1
99,,71,36,1,t,1
100,,71,38,2,f,1
101,,72,35,0,t,1
102,,72,39,1,t,1
103,,72,38,2,t,1
104,,73,39,0,t,1
105,,73,35,1,t,1
106,,73,38,2,t,1
107,,74,35,0,t,1
108,,74,40,1,t,1
109,,75,35,0,t,1
110,,75,40,1,t,1
111,,76,35,0,t,1
112,,76,40,1,t,1
113,,77,41,0,t,1
114,,78,41,0,t,1
115,,79,29,0,t,1
116,,80,29,0,t,1
117,,81,8,0,t,1
118,,82,8,0,t,1
119,,83,8,0,t,1
120,,84,8,0,t,1
121,,84,42,1,f,1
122,,85,8,0,t,1
123,,86,8,0,t,1
124,,87,8,0,t,1
125,,88,8,0,t,1
126,,89,8,0,t,1
127,,90,8,0,t,1
128,,91,8,0,t,1
129,,92,8,0,t,1
130,,93,8,0,t,1
131,,94,8,0,t,1
132,,95,8,0,t,1
133,,96,8,0,t,1
134,,97,8,0,t,1
135,,98,43,0,t,1
136,,99,43,0,t,1
137,,100,19,0,t,1
138,,101,8,0,t,1
139,,102,19,0,t,1
140,,103,19,0,t,1
141,,104,19,0,t,1
142,,105,13,0,t,1
143,,106,44,0,t,1
144,,106,45,1,t,1
145,,107,19,0,t,1
146,,108,46,0,t,1
147,,109,46,0,t,1
148,,110,47,0,t,1
149,,111,47,0,t,1
150,,112,8,0,t,1
151,,113,48,0,t,1
152,,114,48,0,t,1
153,,115,13,0,t,1
154,,116,8,0,t,1
155,,117,32,0,t,1
156,,118,32,0,t,1
157,,119,32,0,t,1
158,,120,32,0,t,1
159,,121,32,0,t,1
160,,122,43,0,t,1
161,,122,49,1,t,1
162,,123,43,0,t,1
163,,123,49,1,t,1
164,,124,13,0,t,1
165,,125,50,0,t,1
166,,126,50,0,t,1
167,,127,50,0,t,1
168,,128,50,0,t,1
169,,129,51,0,t,1
170,,130,51,0,t,1
171,,131,43,0,t,1
172,,132,52,0,t,1
173,,132,53,1,t,1
174,,133,52,0,t,1
175,,133,53,1,t,1
176,,134,52,0,t,1
177,,134,53,1,t,1
178,,135,52,0,t,1
179,,135,53,1,t,1
180,,136,7,0,t,1
181,,136,54,1,t,1
182,,137,7,0,t,1
183,,137,54,1,t,1
184,,138,33,0,t,1
185,,139,55,0,t,1
186,,140,55,0,t,1
187,,141,43,0,t,1
188,,142,30,0,t,1
189,,143,8,0,t,1
190,,144,8,0,t,1
191,,145,43,1,t,1
192,,145,8,1,t,1
193,,145,30,1,t,1
194,,145,13,1,t,1
195,,146,8,1,t,1
196,,147,6,1,t,1
197,,147,7,1,t,1
198,,148,8,1,t,1
199,,149,33,1,t,1
200,,149,34,1,t,1
201,,150,43,1,t,1
202,,150,49,1,t,1
203,,151,55,1,t,1
