pk,jsondata,country_pk,language_pk
1,,8,17
2,,8,51
3,,8,67
4,,8,94
5,,8,137
6,,8,177
7,,8,187
8,,8,198
9,,8,278
10,,8,281
11,,8,306
12,,8,325
13,,8,355
14,,8,370
15,,8,419
16,,8,424
17,,8,461
18,,8,484
19,,8,491
20,,8,511
21,,8,537
22,,8,553
23,,8,610
24,,8,671
25,,8,678
27,,8,714
28,,8,716
29,,8,718
30,,8,763
31,,8,770
32,,8,774
33,,8,808
34,,8,809
35,,8,811
36,,8,821
37,,8,823
38,,8,841
39,,8,846
40,,8,859
41,,8,886
42,,8,896
43,,8,906
44,,8,916
45,,8,918
46,,8,949
47,,8,963
48,,8,964
49,,8,966
50,,8,1028
51,,8,1029
52,,8,1041
53,,8,1045
54,,8,1055
55,,8,1076
56,,8,1096
57,,8,1119
58,,8,1128
59,,8,1150
60,,8,1152
61,,8,1162
62,,8,1167
63,,8,1193
64,,8,1206
65,,8,1207
66,,8,1212
67,,8,1215
68,,8,1266
69,,8,1303
70,,8,1319
71,,8,1320
72,,8,1323
73,,8,1334
74,,8,1340
75,,8,1341
76,,8,1344
77,,8,1352
78,,8,1367
79,,8,1378
80,,8,1385
81,,8,1392
82,,8,1393
83,,8,1397
84,,8,1402
85,,8,1414
86,,8,1433
87,,8,1439
88,,8,1448
89,,8,1450
90,,8,1455
91,,8,1467
92,,8,1503
93,,8,1506
94,,8,1507
95,,8,1513
96,,8,1518
97,,8,1533
98,,8,1594
99,,8,1611
100,,8,1628
101,,8,1638
102,,8,1651
103,,8,1658
104,,8,1670
105,,8,1671
106,,8,1684
107,,8,1691
108,,8,1699
109,,8,1703
110,,8,1729
111,,8,1743
112,,8,1749
113,,8,1771
114,,8,1784
115,,8,1839
116,,8,1854
117,,8,1857
118,,8,1860
119,,8,1861
120,,8,1878
121,,8,1879
122,,8,1910
123,,8,1911
124,,8,1923
125,,8,1934
126,,8,1936
127,,8,1939
128,,8,1970
129,,8,1971
130,,8,1972
131,,8,1973
132,,8,1989
133,,8,2014
134,,8,2021
135,,8,2059
136,,8,2082
137,,8,2109
138,,8,2110
139,,8,2122
140,,8,2157
141,,8,2162
142,,8,2164
143,,8,2169
144,,8,2172
145,,8,2174
146,,8,2175
147,,8,2213
148,,8,2237
149,,8,2248
150,,8,2267
151,,8,2271
152,,8,2326
153,,8,2328
154,,8,2349
155,,8,2373
156,,8,2383
157,,8,2386
158,,8,2395
159,,8,2400
160,,8,2434
161,,8,2452
162,,8,2465
163,,8,2481
164,,8,2489
165,,8,2495
166,,8,2498
167,,8,2499
168,,8,2501
169,,126,8
170,,126,13
171,,126,40
172,,126,59
174,,126,84
175,,126,106
176,,126,124
177,,126,156
178,,126,196
179,,126,242
180,,126,279
181,,126,359
182,,126,517
183,,126,523
184,,126,530
185,,126,536
186,,126,690
187,,126,726
188,,126,876
189,,126,917
190,,126,931
191,,126,945
192,,126,954
193,,126,1030
194,,126,1034
195,,126,1114
196,,126,1160
197,,126,1168
198,,126,1171
199,,126,1179
200,,126,1204
201,,126,1238
202,,126,1248
203,,126,1261
204,,126,1279
205,,126,1328
206,,126,1353
207,,126,1384
208,,126,1388
209,,126,1421
210,,126,1452
211,,126,1498
212,,126,1508
213,,126,1608
214,,126,1639
215,,126,1733
216,,126,1756
217,,126,1763
218,,126,1794
219,,126,1796
220,,126,1833
221,,126,1836
222,,126,1865
223,,126,1880
224,,126,1920
225,,126,1979
226,,126,1991
227,,126,1993
228,,126,2049
229,,126,2070
230,,126,2076
231,,126,2111
232,,126,2124
233,,126,2129
234,,126,2173
235,,126,2202
236,,126,2220
237,,126,2227
238,,126,2240
239,,126,2242
240,,126,2270
241,,126,2278
242,,126,2279
243,,126,2300
244,,126,2335
245,,126,2410
246,,126,2500
247,,126,2503
248,,126,2531
249,,17,1573
250,,17,2277
251,,17,2371
252,,67,2
254,,67,201
255,,67,230
256,,67,346
258,,67,665
259,,67,738
260,,67,803
261,,67,948
262,,67,1060
263,,67,1109
264,,67,1173
265,,67,1307
266,,67,1356
267,,67,1716
268,,67,1995
269,,67,2252
270,,67,2325
271,,67,2487
272,,48,292
273,,48,513
274,,48,919
275,,106,168
276,,106,375
277,,23,63
278,,23,64
280,,23,192
282,,23,315
283,,23,326
284,,23,378
285,,23,382
286,,23,548
287,,23,699
288,,23,1219
289,,23,1229
290,,23,1273
291,,23,1331
292,,23,1348
293,,23,1429
294,,23,1512
295,,23,1572
296,,23,1864
297,,23,1977
298,,23,2556
299,,23,2466
300,,172,1374
301,,88,1584
302,,88,2258
303,,110,42
304,,110,44
305,,110,174
306,,110,181
307,,110,182
308,,110,230
309,,110,231
310,,110,262
311,,110,264
312,,110,299
313,,110,301
314,,110,303
315,,110,304
316,,110,307
317,,110,309
318,,110,310
319,,110,338
320,,110,397
321,,110,398
322,,110,399
323,,110,400
324,,110,401
325,,110,402
326,,110,408
327,,110,409
328,,110,410
329,,110,411
330,,110,428
331,,110,434
332,,110,471
333,,110,472
334,,110,473
335,,110,476
337,,110,478
339,,110,493
340,,110,494
341,,110,495
342,,110,496
343,,110,558
344,,110,562
345,,110,564
346,,110,569
347,,110,579
349,,110,745
350,,110,778
351,,110,789
352,,110,825
353,,110,852
354,,110,889
355,,110,898
356,,110,942
357,,110,967
358,,110,977
359,,110,1000
360,,110,1010
361,,110,1059
362,,110,1065
363,,110,1107
364,,110,1191
365,,110,1223
366,,110,1265
367,,110,1280
368,,110,1326
369,,110,1365
370,,110,1408
371,,110,1435
372,,110,1463
373,,110,1495
374,,110,1516
375,,110,1535
376,,110,1540
377,,110,1557
378,,110,1629
379,,110,1644
380,,110,1655
381,,110,1656
382,,110,1679
383,,110,1717
384,,110,1731
385,,110,1744
386,,110,1755
387,,110,1768
388,,110,1769
389,,110,1774
390,,110,1785
391,,110,1800
392,,110,1820
393,,110,1841
394,,110,1845
395,,110,1847
396,,110,1849
397,,110,1853
398,,110,1890
399,,110,1903
400,,110,1915
401,,110,1925
402,,110,1965
403,,110,1988
404,,110,2015
405,,110,2020
406,,110,2031
407,,110,2032
408,,110,2039
409,,110,2064
410,,110,2073
411,,110,2092
412,,110,2102
413,,110,2104
414,,110,2133
415,,110,2181
416,,110,2183
417,,110,2196
418,,110,2261
419,,110,2283
420,,110,2327
421,,110,2347
422,,110,2354
423,,110,2409
424,,110,2414
425,,110,2417
426,,110,2429
427,,110,2483
428,,110,2515
429,,131,107
430,,131,344
431,,131,353
432,,131,1018
433,,131,1161
434,,131,1178
435,,131,1325
436,,131,1376
437,,131,1390
438,,131,1456
439,,131,1529
440,,131,1586
441,,131,1663
442,,131,1666
443,,131,1969
444,,131,2303
445,,131,2330
446,,131,2346
447,,131,2412
448,,131,2507
449,,69,34
450,,69,93
451,,69,167
452,,69,387
453,,69,1158
454,,91,563
455,,91,2478
456,,154,1584
457,,154,2364
458,,50,2235
459,,115,596
460,,115,794
461,,115,843
462,,115,1040
463,,115,1056
464,,115,1091
465,,115,1255
466,,115,1698
467,,115,1950
468,,31,22
470,,31,136
471,,31,179
472,,31,213
473,,31,263
474,,31,273
475,,31,305
476,,31,328
477,,31,601
478,,31,614
480,,31,744
481,,31,758
482,,31,781
483,,31,812
484,,31,836
485,,31,877
486,,31,985
487,,31,994
488,,31,998
489,,31,999
490,,31,1073
491,,31,1115
492,,31,1133
493,,31,1138
494,,31,1151
495,,31,1159
496,,31,1166
497,,31,1209
498,,31,1231
500,,31,1250
501,,31,1262
502,,31,1277
504,,31,1289
505,,31,1313
506,,31,1396
507,,31,1418
508,,31,1457
509,,31,1520
510,,31,1525
511,,31,1526
512,,31,1619
513,,31,1692
514,,31,1712
515,,31,1741
516,,31,1782
517,,31,1832
518,,31,1834
519,,31,1872
520,,31,1952
521,,31,2043
522,,31,2055
523,,31,2080
524,,31,2127
525,,31,2148
526,,31,2182
527,,31,2206
528,,31,2260
529,,31,2358
530,,31,2366
531,,31,2445
532,,31,2543
533,,74,330
534,,74,2329
535,,180,141
536,,180,244
537,,180,490
538,,180,697
539,,180,2160
540,,149,748
541,,120,56
542,,120,416
543,,120,528
544,,120,1680
545,,120,2345
546,,58,1362
547,,58,2342
548,,58,2390
549,,164,68
550,,164,71
551,,164,74
552,,164,76
553,,164,83
554,,164,588
555,,164,589
556,,164,1269
557,,164,1327
558,,164,2351
559,,164,2539
560,,164,2550
561,,100,1056
562,,100,1950
563,,165,570
564,,165,1584
565,,165,2036
566,,104,2138
567,,37,88
568,,37,504
569,,63,321
570,,63,534
571,,63,2519
572,,45,739
573,,45,950
574,,45,1069
575,,45,1098
576,,45,1445
577,,45,1851
578,,45,1944
579,,45,2057
580,,45,2095
581,,45,2306
582,,45,2467
583,,45,2476
584,,85,1037
585,,85,1978
586,,55,92
587,,55,618
588,,55,1199
589,,55,2678
590,,44,2255
591,,151,1201
592,,28,4
593,,28,288
594,,28,621
595,,28,865
596,,28,1099
597,,28,1312
598,,28,1364
599,,28,1547
600,,28,1563
601,,28,1634
602,,28,1643
603,,28,1682
604,,28,1706
605,,28,1959
606,,28,2099
607,,28,2185
608,,28,2276
609,,28,2461
610,,177,1627
611,,93,1963
612,,7,2391
613,,103,66
614,,103,249
615,,103,315
616,,103,867
617,,103,1038
618,,103,1129
619,,103,1229
620,,103,1331
621,,103,1902
622,,103,2556
623,,103,2352
624,,103,2375
625,,103,2432
626,,103,2466
627,,103,2530
628,,12,14
629,,12,104
630,,12,285
631,,12,2139
632,,12,2147
633,,12,2393
634,,161,618
635,,161,1008
636,,161,1199
637,,161,1850
638,,161,2200
639,,161,2378
640,,161,2678
641,,13,490
642,,13,1747
643,,184,1067
644,,184,1492
645,,184,1870
646,,184,2282
647,,5,486
648,,5,620
649,,5,1127
650,,5,1282
651,,5,1648
652,,5,1724
653,,5,2003
654,,5,2450
655,,5,2460
656,,144,1761
657,,60,61
658,,60,62
659,,60,69
660,,60,70
661,,60,72
662,,60,73
663,,60,77
664,,60,82
665,,60,149
666,,60,451
667,,60,490
668,,60,525
669,,60,583
670,,60,900
671,,60,1370
672,,60,1680
673,,60,2539
674,,188,617
675,,188,981
676,,82,120
677,,124,604
678,,124,2239
679,,124,2468
680,,40,316
681,,40,348
682,,40,360
683,,40,374
684,,40,379
685,,40,393
686,,40,450
687,,40,486
688,,40,526
689,,40,571
690,,40,575
691,,40,722
692,,40,725
693,,40,842
694,,40,850
695,,40,862
696,,40,872
697,,40,923
698,,40,944
699,,40,997
700,,40,1023
701,,40,1050
702,,40,1052
703,,40,1070
704,,40,1081
705,,40,1087
706,,40,1103
707,,40,1126
708,,40,1184
709,,40,1187
710,,40,1218
711,,40,1296
712,,40,1311
713,,40,1321
714,,40,1345
715,,40,1359
716,,40,1389
717,,40,1411
718,,40,1425
719,,40,1496
720,,40,1501
721,,40,1515
722,,40,1563
723,,40,1588
724,,40,1613
725,,40,1634
726,,40,1653
727,,40,1720
728,,40,1725
729,,40,1874
730,,40,1904
731,,40,2002
732,,40,2185
733,,40,2313
734,,40,2314
735,,40,2377
736,,70,375
737,,70,736
738,,70,782
739,,70,1284
740,,70,1286
741,,70,1291
742,,70,2337
743,,130,32
744,,130,121
745,,130,327
746,,130,1584
747,,130,2258
748,,64,375
749,,86,97
750,,86,133
751,,86,518
752,,86,555
753,,86,670
754,,86,734
755,,86,1048
756,,86,1398
757,,86,1447
758,,86,1661
759,,86,1734
760,,86,1898
761,,86,2281
762,,86,2301
763,,86,2315
764,,86,2336
765,,108,989
766,,174,375
767,,4,2304
768,,155,265
769,,155,266
770,,155,843
771,,155,844
772,,155,1283
773,,155,1336
774,,155,1380
775,,155,1424
776,,155,1532
777,,155,1810
778,,155,1818
779,,155,1957
780,,155,1963
781,,155,2516
782,,96,256
783,,96,490
784,,96,697
785,,96,2353
786,,71,984
787,,9,69
788,,9,79
789,,9,80
790,,9,207
791,,9,2539
792,,29,139
793,,29,236
794,,29,275
795,,29,324
796,,29,561
797,,29,565
798,,29,845
799,,29,882
800,,29,939
801,,29,1009
802,,29,1034
803,,29,1051
804,,29,1226
805,,29,1251
806,,29,1253
807,,29,1302
808,,29,1412
809,,29,1442
810,,29,1552
811,,29,1610
812,,29,1649
813,,29,1654
814,,29,1706
815,,29,1846
816,,29,1907
817,,29,1959
818,,29,1961
819,,29,1991
820,,29,2088
821,,29,2101
822,,29,2156
823,,29,2222
824,,29,2340
825,,29,2369
826,,29,2462
827,,29,2500
828,,178,412
829,,178,1967
830,,32,90
831,,32,101
832,,32,241
833,,32,260
834,,32,297
835,,32,302
836,,32,311
837,,32,323
838,,32,383
839,,32,384
840,,32,405
841,,32,423
842,,32,430
843,,32,431
844,,32,432
845,,32,437
846,,32,448
847,,32,463
848,,32,492
849,,32,535
850,,32,663
851,,32,668
853,,32,773
854,,32,801
855,,32,866
856,,32,871
857,,32,960
858,,32,1021
859,,32,1027
861,,32,1165
862,,32,1335
863,,32,1346
864,,32,1349
865,,32,1350
866,,32,1351
867,,32,1445
868,,32,1454
869,,32,1469
870,,32,1505
871,,32,1553
872,,32,1575
873,,32,1647
874,,32,1662
875,,32,1711
876,,32,1721
877,,32,1786
878,,32,1792
879,,32,1842
880,,32,1887
881,,32,1944
882,,32,1953
883,,32,1996
884,,32,2089
885,,32,2094
886,,32,2142
887,,32,2205
888,,32,2208
889,,32,2259
890,,32,2264
891,,32,2297
892,,32,2431
893,,32,2436
894,,32,2457
895,,32,2476
896,,187,46
897,,187,103
898,,187,145
899,,187,180
900,,187,280
901,,187,363
902,,187,366
904,,187,440
905,,187,441
906,,187,443
907,,187,538
908,,187,869
909,,187,877
910,,187,986
911,,187,1064
912,,187,1232
913,,187,1355
914,,187,1416
915,,187,1740
916,,187,1819
917,,187,1827
918,,187,2106
919,,187,2234
920,,187,2263
921,,187,2265
922,,187,2522
923,,1,111
924,,1,209
925,,1,353
926,,1,616
927,,1,791
928,,1,1018
929,,1,1417
930,,1,1422
931,,1,1666
932,,1,1875
933,,1,2282
934,,1,2303
935,,97,154
936,,141,1584
937,,141,2258
938,,34,4
939,,34,800
940,,34,1131
941,,34,1203
942,,34,1216
943,,34,1342
944,,56,557
945,,56,905
946,,56,2211
947,,79,335
948,,79,541
949,,79,1237
950,,79,2420
951,,79,2551
952,,101,26
953,,101,35
954,,101,129
955,,101,132
956,,101,159
957,,101,160
958,,101,161
959,,101,171
960,,101,184
961,,101,339
962,,101,446
963,,101,657
964,,101,711
965,,101,720
966,,101,816
967,,101,1145
968,,101,1231
969,,101,1487
970,,101,1509
971,,101,1817
972,,101,1985
973,,101,2152
974,,101,2406
975,,121,894
976,,38,2215
977,,148,206
978,,148,1268
979,,148,2272
980,,148,2374
981,,167,217
983,,167,232
984,,167,455
985,,167,487
986,,167,910
987,,167,1708
988,,167,1742
989,,167,2140
990,,167,2143
991,,167,2399
992,,75,1
993,,75,5
994,,75,6
995,,75,7
996,,75,23
997,,75,24
998,,75,52
999,,75,123
1000,,75,189
1001,,75,197
1002,,75,224
1003,,75,234
1004,,75,333
1005,,75,341
1006,,75,390
1007,,75,407
1008,,75,426
1009,,75,429
1010,,75,447
1011,,75,469
1012,,75,533
1013,,75,549
1015,,75,638
1016,,75,658
1017,,75,683
1018,,75,704
1019,,75,717
1020,,75,762
1021,,75,784
1022,,75,795
1023,,75,818
1024,,75,831
1025,,75,838
1026,,75,879
1027,,75,903
1028,,75,927
1029,,75,934
1030,,75,936
1031,,75,976
1032,,75,982
1033,,75,1022
1034,,75,1024
1035,,75,1032
1036,,75,1063
1037,,75,1074
1038,,75,1080
1039,,75,1086
1040,,75,1094
1041,,75,1111
1042,,75,1120
1043,,75,1143
1044,,75,1147
1045,,75,1161
1046,,75,1172
1047,,75,1186
1048,,75,1195
1049,,75,1317
1050,,75,1357
1051,,75,1401
1052,,75,1449
1053,,75,1453
1054,,75,1459
1055,,75,1461
1056,,75,1462
1057,,75,1471
1058,,75,1486
1059,,75,1522
1060,,75,1529
1061,,75,1542
1062,,75,1564
1063,,75,1570
1064,,75,1573
1065,,75,1586
1066,,75,1598
1067,,75,1602
1068,,75,1603
1069,,75,1615
1070,,75,1640
1071,,75,1650
1072,,75,1700
1073,,75,1702
1074,,75,1709
1075,,75,1715
1076,,75,1718
1077,,75,1730
1078,,75,1746
1079,,75,1750
1080,,75,1751
1081,,75,1754
1082,,75,1778
1083,,75,1790
1084,,75,1803
1085,,75,1805
1086,,75,1807
1087,,75,1823
1088,,75,1834
1089,,75,1840
1090,,75,1873
1091,,75,1877
1092,,75,1908
1093,,75,1928
1094,,75,1931
1095,,75,1945
1096,,75,1962
1097,,75,1998
1098,,75,2006
1099,,75,2056
1100,,75,2061
1101,,75,2072
1102,,75,2078
1103,,75,2083
1104,,75,2100
1105,,75,2139
1106,,75,2147
1107,,75,2170
1108,,75,2253
1109,,75,2277
1110,,75,2285
1111,,75,2286
1112,,75,2323
1113,,75,2330
1114,,75,2346
1115,,75,2356
1116,,75,2370
1117,,75,2371
1118,,75,2393
1119,,75,2403
1120,,75,2433
1121,,75,2446
1122,,75,2494
1123,,75,2523
1124,,75,2527
1125,,75,2552
1126,,129,191
1127,,129,2159
1128,,129,2295
1129,,46,915
1130,,46,1415
1131,,46,1476
1132,,46,1584
1133,,46,2187
1134,,46,2518
1135,,171,500
1136,,171,705
1137,,171,707
1138,,171,712
1139,,171,955
1140,,171,1174
1141,,171,2443
1142,,26,27
1143,,26,28
1144,,26,85
1145,,26,86
1146,,26,138
1147,,26,146
1148,,26,170
1149,,26,188
1150,,26,194
1151,,26,250
1152,,26,252
1153,,26,254
1154,,26,292
1155,,26,357
1156,,26,510
1157,,26,519
1158,,26,522
1159,,26,536
1160,,26,681
1161,,26,845
1162,,26,876
1163,,26,882
1164,,26,935
1165,,26,958
1166,,26,1044
1167,,26,1082
1168,,26,1102
1169,,26,1156
1170,,26,1157
1171,,26,1251
1172,,26,1256
1173,,26,1295
1174,,26,1304
1175,,26,1332
1176,,26,1343
1177,,26,1381
1178,,26,1403
1179,,26,1410
1180,,26,1421
1181,,26,1451
1182,,26,1452
1183,,26,1477
1184,,26,1547
1185,,26,1556
1186,,26,1607
1187,,26,1608
1188,,26,1610
1189,,26,1781
1190,,26,1825
1191,,26,1852
1192,,26,1892
1193,,26,1907
1194,,26,1959
1195,,26,1961
1196,,26,1991
1197,,26,2076
1198,,26,2128
1199,,26,2135
1200,,26,2246
1201,,26,2249
1202,,152,1983
1203,,2,2374
1204,,175,911
1205,,175,1584
1206,,114,863
1207,,114,1584
1208,,114,1826
1209,,114,1975
1210,,114,2194
1211,,114,2199
1212,,114,2473
1213,,134,660
1214,,134,1335
1215,,134,1647
1216,,134,1953
1217,,134,2117
1218,,134,2195
1219,,156,452
1220,,156,2536
1221,,43,375
1222,,73,208
1223,,73,2544
1224,,95,634
1225,,95,1430
1226,,95,1584
1227,,95,1780
1228,,117,572
1229,,117,602
1230,,117,620
1231,,117,799
1232,,117,990
1233,,117,1379
1234,,117,1648
1235,,117,1724
1236,,117,2003
1237,,117,2450
1238,,117,2493
1239,,138,26
1240,,138,31
1241,,138,36
1242,,138,105
1243,,138,112
1244,,138,118
1245,,138,126
1246,,138,158
1247,,138,222
1248,,138,247
1249,,138,314
1250,,138,337
1251,,138,347
1252,,138,515
1253,,138,552
1254,,138,594
1255,,138,629
1256,,138,641
1257,,138,771
1258,,138,788
1259,,138,797
1260,,138,1189
1262,,138,1487
1263,,138,1489
1264,,138,1550
1265,,138,1641
1266,,138,1672
1267,,138,1694
1268,,138,1765
1269,,138,1775
1270,,138,1791
1271,,138,1801
1272,,138,1822
1273,,138,1869
1274,,138,1881
1275,,138,2018
1276,,138,2525
1277,,62,320
1278,,62,741
1279,,62,2540
1280,,54,10
1281,,54,203
1282,,54,368
1283,,54,655
1284,,54,892
1285,,54,2299
1286,,54,2533
1287,,54,2550
1288,,76,9
1289,,76,15
1290,,76,35
1291,,76,57
1292,,76,58
1293,,76,87
1294,,76,108
1295,,76,109
1296,,76,130
1297,,76,131
1298,,76,134
1299,,76,143
1300,,76,144
1301,,76,152
1302,,76,165
1303,,76,214
1304,,76,216
1305,,76,332
1306,,76,352
1307,,76,356
1308,,76,361
1309,,76,507
1310,,76,514
1311,,76,521
1312,,76,527
1313,,76,542
1314,,76,544
1315,,76,547
1316,,76,554
1317,,76,556
1318,,76,560
1319,,76,566
1320,,76,581
1321,,76,584
1322,,76,586
1323,,76,595
1324,,76,599
1325,,76,605
1326,,76,607
1327,,76,611
1328,,76,612
1329,,76,613
1330,,76,642
1331,,76,643
1332,,76,645
1333,,76,672
1334,,76,679
1335,,76,700
1336,,76,701
1337,,76,702
1338,,76,713
1339,,76,724
1340,,76,731
1341,,76,733
1342,,76,740
1343,,76,746
1344,,76,747
1345,,76,750
1346,,76,754
1347,,76,756
1348,,76,757
1349,,76,764
1350,,76,767
1351,,76,792
1352,,76,804
1353,,76,806
1354,,76,807
1355,,76,810
1356,,76,828
1357,,76,834
1358,,76,840
1359,,76,848
1360,,76,849
1361,,76,860
1362,,76,864
1363,,76,878
1364,,76,913
1365,,76,924
1366,,76,951
1367,,76,953
1368,,76,972
1369,,76,987
1370,,76,988
1371,,76,991
1372,,76,1001
1373,,76,1006
1374,,76,1015
1375,,76,1035
1376,,76,1036
1377,,76,1039
1378,,76,1042
1379,,76,1043
1380,,76,1053
1381,,76,1057
1382,,76,1058
1383,,76,1084
1384,,76,1085
1385,,76,1097
1386,,76,1105
1387,,76,1122
1388,,76,1125
1389,,76,1134
1390,,76,1140
1391,,76,1169
1392,,76,1176
1393,,76,1183
1394,,76,1196
1395,,76,1198
1396,,76,1245
1397,,76,1254
1398,,76,1275
1399,,76,1281
1400,,76,1294
1401,,76,1298
1402,,76,1333
1403,,76,1369
1404,,76,1466
1405,,76,1487
1406,,76,1490
1407,,76,1491
1408,,76,1514
1409,,76,1519
1410,,76,1530
1411,,76,1536
1412,,76,1538
1413,,76,1551
1414,,76,1554
1415,,76,1561
1416,,76,1578
1417,,76,1580
1418,,76,1612
1419,,76,1621
1420,,76,1664
1421,,76,1676
1422,,76,1687
1423,,76,1710
1424,,76,1726
1425,,76,1753
1426,,76,1789
1427,,76,1795
1428,,76,1811
1429,,76,1835
1430,,76,1858
1431,,76,1876
1432,,76,1884
1433,,76,1885
1434,,76,1896
1435,,76,1935
1436,,76,1941
1437,,76,1948
1438,,76,1987
1439,,76,2000
1440,,76,2051
1441,,76,2063
1442,,76,2067
1443,,76,2077
1444,,76,2081
1445,,76,2096
1446,,76,2114
1447,,76,2165
1448,,76,2201
1449,,76,2233
1450,,76,2243
1451,,76,2245
1452,,76,2256
1453,,76,2269
1454,,76,2293
1455,,76,2333
1456,,76,2338
1457,,76,2343
1458,,76,2348
1459,,76,2362
1460,,76,2418
1461,,76,2424
1462,,76,2437
1463,,76,2442
1464,,76,2505
1465,,76,2506
1466,,76,2545
1467,,119,30
1468,,119,50
1469,,119,157
1470,,119,364
1471,,119,638
1472,,119,930
1473,,119,1185
1474,,119,1227
1475,,119,1314
1476,,119,1371
1477,,119,1386
1478,,119,1427
1479,,119,1482
1480,,119,1625
1481,,119,1732
1482,,119,1770
1483,,119,1828
1484,,119,1829
1485,,119,1831
1486,,119,1834
1487,,119,1888
1488,,119,1891
1489,,119,2022
1490,,119,2037
1491,,119,2060
1492,,119,2100
1493,,119,2158
1494,,119,2179
1495,,119,2277
1496,,119,2290
1497,,119,2371
1498,,14,54
1499,,14,55
1500,,14,56
1501,,14,75
1502,,14,483
1503,,33,308
1504,,33,1584
1505,,20,343
1506,,20,572
1507,,20,799
1508,,20,844
1509,,20,1228
1510,,20,1379
1511,,20,2033
1512,,20,2090
1513,,20,2450
1514,,19,37
1515,,19,2272
1516,,84,1584
1517,,84,1592
1518,,190,884
1519,,190,891
1520,,190,933
1521,,190,1081
1522,,190,1322
1523,,190,1375
1524,,190,1425
1525,,190,1600
1526,,190,1950
1527,,127,2536
1528,,158,482
1529,,158,2193
1530,,158,2356
1531,,87,2363
1532,,66,2508
1533,,10,142
1534,,10,456
1535,,10,462
1536,,10,785
1537,,10,1078
1538,,10,1205
1539,,10,1576
1540,,10,2009
1541,,10,2144
1542,,10,2275
1543,,10,2541
1544,,27,98
1545,,27,172
1546,,27,210
1547,,27,212
1548,,27,218
1549,,27,219
1550,,27,267
1551,,27,272
1552,,27,274
1553,,27,277
1554,,27,286
1555,,27,334
1556,,27,345
1557,,27,365
1558,,27,369
1559,,27,413
1560,,27,421
1561,,27,449
1562,,27,475
1563,,27,664
1564,,27,682
1565,,27,688
1566,,27,689
1567,,27,752
1568,,27,824
1569,,27,893
1570,,27,992
1571,,27,993
1572,,27,1013
1573,,27,1095
1574,,27,1361
1575,,27,1394
1576,,27,1446
1577,,27,1549
1578,,27,1591
1579,,27,1837
1580,,27,1943
1581,,27,2555
1582,,27,2005
1583,,27,2058
1584,,27,2065
1585,,27,2091
1586,,27,2131
1587,,27,2137
1588,,27,2191
1589,,27,2207
1590,,27,2223
1591,,27,2380
1592,,27,2385
1593,,27,2396
1594,,27,2422
1595,,27,2428
1596,,27,2482
1597,,27,2517
1598,,92,381
1599,,92,505
1600,,92,633
1601,,92,970
1602,,92,1584
1603,,30,858
1604,,30,1434
1605,,30,2254
1606,,30,2392
1607,,30,2485
1608,,30,2502
1609,,51,99
1610,,51,140
1611,,51,178
1612,,51,404
1613,,51,489
1614,,51,512
1615,,51,591
1616,,51,661
1617,,51,673
1618,,51,734
1619,,51,749
1620,,51,827
1621,,51,1211
1622,,51,1276
1623,,51,1310
1624,,51,1330
1625,,51,1360
1626,,51,1372
1627,,51,1405
1628,,51,1470
1629,,51,1488
1630,,51,1502
1631,,51,1543
1632,,51,1545
1633,,51,1633
1634,,51,1668
1635,,51,1677
1636,,51,1688
1637,,51,1745
1638,,51,1760
1639,,51,1762
1640,,51,1766
1641,,51,1799
1642,,51,1814
1643,,51,1856
1644,,51,1863
1645,,51,1867
1646,,51,1909
1647,,51,1930
1648,,51,1946
1649,,51,1997
1650,,51,2075
1651,,51,2132
1652,,51,2387
1653,,51,2415
1654,,51,2513
1655,,179,480
1656,,179,574
1657,,179,1052
1658,,179,1092
1659,,179,1260
1660,,179,1734
1661,,179,1735
1662,,179,1815
1663,,179,1883
1664,,179,1886
1665,,179,1976
1666,,179,2026
1667,,179,2045
1668,,179,2224
1669,,179,2262
1670,,179,2281
1671,,179,2314
1672,,179,2421
1673,,179,2512
1674,,52,60
1675,,52,2084
1676,,52,2510
1677,,139,127
1678,,139,257
1679,,139,490
1680,,139,600
1681,,139,2368
1682,,35,290
1683,,35,293
1684,,35,2195
1685,,35,2310
1686,,183,45
1687,,183,48
1688,,183,100
1689,,183,151
1690,,183,175
1691,,183,183
1692,,183,200
1693,,183,212
1694,,183,215
1695,,183,239
1696,,183,267
1697,,183,274
1698,,183,298
1699,,183,300
1700,,183,313
1701,,183,331
1702,,183,340
1703,,183,354
1704,,183,365
1705,,183,385
1706,,183,389
1707,,183,394
1708,,183,395
1709,,183,396
1710,,183,425
1711,,183,435
1712,,183,436
1713,,183,457
1714,,183,458
1715,,183,464
1716,,183,465
1717,,183,468
1718,,183,501
1719,,183,508
1720,,183,540
1721,,183,578
1722,,183,592
1723,,183,593
1724,,183,597
1725,,183,609
1726,,183,623
1727,,183,632
1728,,183,637
1729,,183,667
1730,,183,669
1731,,183,676
1732,,183,693
1733,,183,703
1734,,183,732
1735,,183,760
1736,,183,761
1737,,183,775
1738,,183,776
1739,,183,777
1740,,183,787
1741,,183,798
1742,,183,824
1743,,183,835
1744,,183,847
1745,,183,854
1746,,183,870
1747,,183,873
1748,,183,881
1749,,183,899
1750,,183,901
1751,,183,920
1752,,183,922
1753,,183,929
1754,,183,940
1755,,183,941
1756,,183,946
1757,,183,957
1758,,183,965
1759,,183,971
1760,,183,978
1761,,183,995
1762,,183,1003
1763,,183,1014
1764,,183,1061
1765,,183,1077
1766,,183,1088
1767,,183,1106
1768,,183,1110
1769,,183,1139
1770,,183,1142
1771,,183,1164
1772,,183,1180
1773,,183,1197
1774,,183,1221
1775,,183,1292
1776,,183,1324
1777,,183,1382
1778,,183,1391
1779,,183,1400
1780,,183,1404
1781,,183,1407
1782,,183,1409
1783,,183,1444
1784,,183,1472
1785,,183,1479
1786,,183,1511
1787,,183,1534
1788,,183,1541
1789,,183,1562
1790,,183,1565
1791,,183,1574
1792,,183,1579
1793,,183,1583
1794,,183,1590
1795,,183,1597
1796,,183,1617
1797,,183,1620
1798,,183,1622
1799,,183,1624
1800,,183,1637
1801,,183,1667
1802,,183,1696
1803,,183,1719
1804,,183,1737
1805,,183,1758
1806,,183,1787
1807,,183,1788
1808,,183,1793
1809,,183,1808
1810,,183,1824
1811,,183,1889
1812,,183,1901
1813,,183,1916
1814,,183,1918
1815,,183,1942
1816,,183,1949
1817,,183,1951
1818,,183,1986
1819,,183,1990
1820,,183,2040
1821,,183,2065
1822,,183,2068
1823,,183,2069
1824,,183,2079
1825,,183,2091
1826,,183,2092
1827,,183,2112
1828,,183,2120
1829,,183,2121
1830,,183,2134
1831,,183,2161
1832,,183,2186
1833,,183,2196
1834,,183,2209
1835,,183,2212
1836,,183,2214
1837,,183,2217
1838,,183,2228
1839,,183,2232
1840,,183,2238
1841,,183,2244
1842,,183,2289
1843,,183,2296
1844,,183,2307
1845,,183,2308
1846,,183,2316
1847,,183,2322
1848,,183,2327
1849,,183,2332
1850,,183,2350
1851,,183,2354
1852,,183,2359
1853,,183,2360
1854,,183,2361
1855,,183,2365
1856,,183,2372
1857,,183,2379
1858,,183,2380
1859,,183,2381
1860,,183,2385
1861,,183,2396
1862,,183,2405
1863,,183,2407
1864,,183,2411
1865,,183,2413
1866,,183,2416
1867,,183,2419
1868,,183,2427
1869,,183,2435
1870,,183,2438
1871,,183,2441
1872,,183,2448
1873,,183,2449
1874,,183,2459
1875,,183,2479
1876,,183,2482
1877,,183,2488
1878,,77,16
1879,,77,153
1880,,77,164
1881,,77,237
1882,,77,238
1883,,77,885
1884,,77,926
1885,,77,1018
1886,,77,1118
1887,,77,1121
1888,,77,1144
1889,,77,1146
1890,,77,1318
1891,,77,1432
1892,,77,1497
1893,,77,1592
1894,,77,1897
1895,,77,2144
1896,,77,2250
1897,,77,2258
1898,,77,2537
1899,,99,2529
1900,,159,375
1901,,143,3
1902,,143,11
1903,,143,47
1904,,143,53
1905,,143,102
1906,,143,119
1907,,143,135
1908,,143,185
1909,,143,190
1910,,143,225
1911,,143,226
1912,,143,227
1913,,143,233
1914,,143,240
1915,,143,246
1916,,143,258
1917,,143,261
1918,,143,269
1919,,143,271
1920,,143,417
1921,,143,445
1922,,143,454
1923,,143,470
1924,,143,498
1925,,143,499
1926,,143,520
1927,,143,551
1928,,143,587
1929,,143,590
1930,,143,598
1931,,143,624
1932,,143,625
1933,,143,698
1934,,143,743
1935,,143,772
1936,,143,783
1937,,143,805
1938,,143,826
1939,,143,853
1940,,143,880
1941,,143,883
1942,,143,888
1943,,143,890
1944,,143,908
1945,,143,937
1946,,143,1148
1947,,143,1205
1948,,143,1213
1949,,143,1399
1950,,143,1436
1951,,143,1475
1952,,143,1493
1953,,143,1544
1954,,143,1605
1955,,143,1616
1956,,143,1642
1957,,143,1678
1958,,143,1844
1959,,143,1955
1960,,143,1968
1961,,143,1978
1962,,143,2009
1963,,143,2013
1964,,143,2043
1965,,143,2044
1966,,143,2048
1967,,143,2050
1968,,143,2053
1969,,143,2062
1970,,143,2097
1971,,143,2148
1972,,143,2149
1973,,143,2155
1974,,143,2166
1975,,143,2180
1976,,143,2184
1977,,143,2192
1978,,143,2204
1979,,143,2218
1980,,143,2219
1981,,143,2266
1982,,143,2268
1983,,143,2274
1984,,143,2275
1985,,143,2284
1986,,143,2287
1987,,143,2292
1988,,143,2331
1989,,143,2344
1990,,143,2425
1991,,143,2458
1992,,143,2463
1993,,143,2464
1994,,143,2471
1995,,143,2504
1996,,143,2509
1997,,143,2535
1998,,143,2541
1999,,143,2547
2000,,36,2272
2001,,59,244
2002,,59,392
2003,,59,753
2004,,59,1252
2005,,59,2167
2006,,59,2192
2007,,59,2526
2008,,59,2534
2009,,81,113
2010,,81,114
2011,,81,115
2012,,81,116
2013,,81,117
2014,,81,367
2015,,81,377
2016,,81,1707
2017,,81,2351
2018,,123,418
2019,,123,2118
2020,,123,2532
2022,,39,91
2023,,39,96
2024,,39,245
2025,,39,284
2026,,39,315
2027,,39,378
2028,,39,628
2029,,39,674
2030,,39,723
2031,,39,768
2032,,39,1016
2033,,39,1031
2034,,39,1154
2035,,39,1210
2036,,39,1230
2037,,39,1308
2038,,39,1329
2039,,39,1331
2040,,39,1383
2041,,39,1539
2042,,39,1821
2043,,39,1937
2044,,39,2074
2045,,168,111
2046,,168,209
2047,,168,251
2048,,168,851
2049,,168,1666
2050,,168,1984
2051,,24,742
2052,,49,467
2053,,49,591
2054,,49,1488
2055,,49,1584
2056,,49,1814
2057,,49,1922
2058,,49,2178
2059,,49,2291
2060,,49,2401
2061,,49,2415
2062,,147,249
2063,,147,319
2064,,147,830
2065,,147,1019
2066,,147,1129
2067,,147,1158
2068,,147,1331
2069,,147,2047
2070,,147,2119
2071,,147,2342
2072,,147,2390
2073,,42,1814
2074,,169,312
2075,,169,459
2076,,169,680
2077,,169,695
2078,,169,719
2079,,169,730
2080,,169,833
2081,,169,837
2082,,169,884
2083,,169,891
2084,,169,897
2085,,169,969
2086,,169,974
2087,,169,1002
2088,,169,1040
2089,,169,1071
2090,,169,1116
2091,,169,1182
2092,,169,1235
2093,,169,1246
2094,,169,1274
2095,,169,1309
2096,,169,1315
2097,,169,1567
2098,,169,1596
2099,,169,1614
2100,,169,1698
2101,,169,1773
2102,,169,1776
2103,,169,2038
2104,,169,2301
2105,,169,2315
2106,,169,2453
2107,,169,2521
2108,,107,502
2109,,107,677
2110,,107,907
2111,,150,166
2112,,150,380
2113,,150,706
2114,,150,1233
2115,,150,2108
2116,,150,2116
2117,,150,2225
2118,,150,2311
2119,,173,422
2120,,173,2107
2121,,89,125
2122,,89,2113
2123,,132,1739
2124,,132,2302
2125,,176,444
2126,,176,474
2127,,176,708
2128,,176,1181
2129,,176,1252
2130,,176,1288
2131,,176,1968
2132,,176,2016
2133,,176,2549
2134,,112,176
2135,,112,255
2136,,112,925
2137,,135,20
2138,,135,128
2139,,135,162
2140,,135,163
2141,,135,169
2142,,135,228
2143,,135,282
2144,,135,283
2145,,135,342
2146,,135,362
2147,,135,391
2148,,135,406
2149,,135,427
2150,,135,481
2151,,135,516
2152,,135,532
2153,,135,539
2154,,135,546
2155,,135,550
2156,,135,559
2157,,135,567
2158,,135,568
2159,,135,603
2160,,135,622
2161,,135,630
2162,,135,639
2163,,135,640
2164,,135,659
2165,,135,662
2166,,135,675
2167,,135,687
2168,,135,694
2169,,135,696
2170,,135,713
2171,,135,715
2172,,135,721
2173,,135,727
2174,,135,728
2175,,135,735
2176,,135,737
2177,,135,759
2178,,135,766
2179,,135,769
2180,,135,779
2181,,135,793
2182,,135,796
2183,,135,839
2184,,135,856
2185,,135,887
2186,,135,902
2187,,135,952
2188,,135,959
2189,,135,968
2190,,135,973
2191,,135,975
2192,,135,1012
2193,,135,1033
2194,,135,1057
2195,,135,1068
2196,,135,983
2197,,135,1075
2198,,135,1079
2199,,135,1083
2200,,135,1089
2201,,135,1090
2202,,135,1100
2203,,135,1101
2204,,135,1104
2205,,135,1108
2206,,135,1132
2207,,135,1136
2208,,135,1137
2209,,135,1141
2210,,135,1170
2211,,135,1190
2212,,135,1202
2213,,135,1208
2214,,135,1224
2215,,135,1243
2216,,135,1257
2217,,135,1267
2218,,135,1270
2219,,135,1285
2220,,135,1293
2221,,135,1297
2222,,135,1306
2223,,135,1316
2224,,135,1333
2225,,135,1347
2226,,135,1354
2227,,135,1358
2228,,135,1366
2229,,135,1373
2230,,135,1377
2231,,135,1395
2232,,135,1413
2233,,135,1420
2234,,135,1426
2235,,135,1428
2236,,135,1431
2237,,135,1437
2238,,135,1438
2239,,135,1440
2240,,135,1443
2241,,135,1458
2242,,135,1460
2243,,135,1465
2244,,135,1474
2245,,135,1483
2246,,135,1484
2247,,135,1485
2248,,135,1494
2249,,135,1510
2250,,135,1521
2251,,135,1528
2252,,135,1537
2253,,135,1546
2254,,135,1560
2255,,135,1568
2256,,135,1577
2257,,135,1581
2258,,135,1585
2259,,135,1587
2260,,135,1593
2261,,135,1599
2262,,135,1601
2263,,135,1604
2264,,135,1609
2265,,135,1623
2266,,135,1632
2267,,135,1646
2268,,135,1660
2269,,135,1669
2270,,135,1681
2271,,135,1686
2272,,135,1690
2273,,135,1693
2274,,135,1701
2275,,135,1705
2276,,135,1713
2277,,135,1728
2278,,135,1753
2279,,135,1777
2280,,135,1779
2281,,135,1783
2282,,135,1798
2283,,135,1809
2284,,135,1812
2285,,135,1816
2286,,135,1830
2287,,135,1843
2288,,135,1859
2289,,135,1899
2290,,135,1900
2291,,135,1914
2292,,135,1919
2293,,135,1929
2294,,135,1933
2295,,135,1938
2296,,135,1954
2297,,135,1964
2298,,135,1974
2299,,135,1980
2300,,135,1982
2301,,135,1999
2302,,135,2011
2303,,135,2012
2304,,135,2017
2305,,135,2023
2306,,135,2025
2307,,135,2027
2308,,135,2029
2309,,135,2030
2310,,135,2041
2311,,135,2046
2312,,135,2085
2313,,135,2103
2314,,135,2115
2315,,135,2125
2316,,135,2126
2317,,135,2130
2318,,135,2141
2319,,135,2151
2320,,135,2163
2321,,135,2168
2322,,135,2189
2323,,135,2197
2324,,135,2198
2325,,135,2230
2326,,135,2257
2327,,135,2288
2328,,135,2298
2329,,135,2321
2330,,135,2334
2331,,135,2382
2332,,135,2398
2333,,135,2408
2334,,135,2430
2335,,135,2440
2336,,135,2451
2337,,135,2454
2338,,135,2475
2339,,135,2477
2340,,135,2480
2341,,135,2538
2342,,189,636
2343,,189,1423
2344,,189,1584
2345,,189,1960
2346,,136,155
2347,,136,322
2348,,136,460
2349,,136,545
2350,,136,868
2351,,136,921
2352,,136,932
2353,,136,1017
2354,,136,1153
2355,,136,1300
2356,,136,2492
2357,,15,173
2358,,15,820
2359,,15,1995
2360,,111,199
2361,,111,349
2362,,111,729
2363,,111,961
2364,,111,1026
2365,,111,1912
2366,,111,2052
2367,,111,2190
2368,,111,2280
2369,,111,2294
2370,,111,2318
2371,,162,1532
2372,,185,19
2373,,185,205
2374,,185,289
2375,,185,506
2376,,185,606
2377,,185,755
2378,,185,813
2379,,185,814
2380,,185,912
2381,,185,1007
2382,,185,1046
2383,,185,1194
2384,,185,1464
2385,,185,1582
2386,,185,1665
2387,,185,1697
2388,,185,1727
2389,,185,1736
2390,,185,2035
2391,,185,2093
2392,,185,2150
2393,,185,2251
2394,,185,2404
2395,,145,2304
2396,,105,1130
2397,,125,1034
2398,,125,1149
2399,,125,1630
2400,,125,1780
2401,,125,2088
2402,,125,2432
2403,,125,2500
2404,,125,2531
2405,,65,89
2406,,65,375
2407,,41,1113
2408,,41,2216
2409,,128,296
2410,,22,2357
2411,,109,308
2412,,68,148
2413,,68,166
2414,,68,529
2415,,68,706
2416,,68,914
2417,,68,1019
2418,,68,1038
2419,,68,1129
2420,,68,1247
2421,,68,1531
2422,,68,1764
2423,,68,2074
2424,,68,2311
2425,,146,503
2426,,146,1584
2427,,146,2258
2428,,90,38
2429,,90,193
2430,,90,211
2431,,90,363
2432,,90,815
2433,,90,986
2434,,90,1220
2435,,90,1313
2436,,90,1355
2437,,90,1527
2438,,90,2098
2439,,90,2397
2440,,72,665
2441,,72,1981
2442,,72,1995
2443,,72,2087
2444,,94,29
2445,,94,148
2446,,94,1233
2447,,94,1247
2448,,94,1645
2449,,94,1764
2450,,94,1958
2451,,94,2074
2452,,94,2108
2453,,94,2311
2454,,94,2444
2455,,166,202
2456,,166,631
2457,,53,318
2458,,53,2159
2459,,53,2341
2460,,53,2546
2461,,191,343
2462,,191,350
2463,,191,1283
2464,,191,1600
2465,,191,1950
2466,,191,2105
2467,,118,1047
2468,,140,147
2469,,140,2231
2470,,78,164
2471,,78,186
2472,,78,875
2473,,78,1387
2474,,78,1497
2475,,78,1584
2476,,78,1714
2477,,78,2250
2478,,78,2258
2479,,16,248
2480,,16,414
2481,,16,500
2482,,16,917
2483,,16,955
2484,,16,1160
2485,,16,1305
2486,,16,2503
2487,,57,513
2488,,57,904
2489,,57,943
2490,,57,980
2491,,57,1131
2492,,57,1473
2493,,57,1478
2494,,163,221
2495,,163,453
2496,,163,1271
2497,,163,2159
2498,,163,2341
2499,,25,1740
2500,,25,1924
2501,,25,2447
2502,,102,1112
2503,,18,204
2504,,18,259
2505,,18,832
2506,,18,858
2507,,18,868
2508,,18,921
2509,,18,1011
2510,,18,1222
2511,,18,1419
2512,,18,1500
2513,,18,1558
2514,,18,1635
2515,,18,1868
2516,,18,1895
2517,,18,1994
2518,,18,2066
2519,,18,2123
2520,,18,2210
2521,,18,2241
2522,,18,2388
2523,,18,2389
2524,,18,2392
2525,,18,2469
2526,,61,21
2527,,61,39
2528,,61,268
2529,,61,317
2530,,61,500
2531,,61,666
2532,,61,705
2533,,61,712
2534,,61,723
2535,,61,751
2536,,61,874
2537,,61,955
2538,,61,962
2539,,61,1278
2540,,61,1348
2541,,61,1606
2542,,61,1673
2543,,61,1772
2544,,61,1864
2545,,61,1866
2546,,61,2001
2547,,61,2188
2548,,61,2309
2549,,61,2443
2550,,83,420
2551,,83,2486
2552,,83,2542
2553,,21,25
2554,,21,122
2555,,21,243
2556,,21,253
2557,,21,294
2558,,21,295
2559,,21,351
2560,,21,376
2561,,21,384
2562,,21,386
2563,,21,431
2564,,21,448
2565,,21,524
2566,,21,535
2567,,21,543
2568,,21,545
2569,,21,582
2570,,21,608
2571,,21,618
2572,,21,619
2573,,21,627
2574,,21,644
2575,,21,691
2576,,21,765
2577,,21,790
2578,,21,857
2579,,21,861
2580,,21,928
2581,,21,1005
2582,,21,1025
2583,,21,1027
2584,,21,1054
2585,,21,1072
2586,,21,1123
2587,,21,1175
2588,,21,1177
2589,,21,1192
2590,,21,1200
2591,,21,1214
2592,,21,1234
2593,,21,1249
2594,,21,1284
2595,,21,1286
2596,,21,1290
2597,,21,1301
2598,,21,1337
2599,,21,1338
2600,,21,1339
2601,,21,1350
2602,,21,1363
2603,,21,1468
2604,,21,1504
2605,,21,1517
2606,,21,1555
2607,,21,1559
2608,,21,1575
2609,,21,1683
2610,,21,1721
2611,,21,1722
2612,,21,1759
2613,,21,1797
2614,,21,1850
2615,,21,1855
2616,,21,1871
2617,,21,1893
2618,,21,1966
2619,,21,2010
2620,,21,2024
2621,,21,2028
2622,,21,2042
2623,,21,2054
2624,,21,2071
2625,,21,2086
2626,,21,2089
2627,,21,2094
2628,,21,2142
2629,,21,2145
2630,,21,2171
2631,,21,2229
2632,,21,2247
2633,,21,2337
2634,,21,2423
2635,,21,2426
2636,,21,2439
2637,,21,2455
2639,,21,2472
2640,,21,2490
2641,,21,2491
2642,,21,2520
2643,,47,2324
2644,,170,211
2645,,170,466
2646,,170,1217
2647,,170,1231
2648,,170,1259
2649,,170,1263
2650,,170,1657
2651,,170,1712
2652,,170,1905
2653,,170,1917
2654,,170,2098
2655,,170,2358
2656,,170,2376
2657,,170,2514
2658,,133,855
2659,,133,1584
2660,,3,33
2661,,3,287
2662,,3,1020
2663,,3,1584
2664,,3,1757
2665,,3,1780
2666,,3,1826
2667,,153,43
2668,,153,150
2669,,153,276
2670,,153,371
2671,,153,442
2672,,153,684
2673,,153,895
2674,,153,956
2675,,153,1049
2676,,153,1135
2677,,153,1155
2678,,153,1272
2679,,153,1548
2680,,153,1569
2681,,153,1675
2682,,153,1689
2683,,153,1738
2684,,153,1748
2685,,153,1767
2686,,153,1806
2687,,153,1947
2688,,153,2221
2689,,153,2484
2690,,113,999
2691,,113,1133
2692,,113,2043
2693,,113,2148
2694,,113,2292
2695,,113,2528
2696,,6,372
2697,,6,497
2698,,6,710
2699,,6,858
2700,,6,868
2701,,6,921
2702,,6,1571
2703,,6,1595
2704,,6,1626
2705,,6,1813
2706,,6,2677
2707,,6,2305
2708,,6,2339
2709,,6,2469
2710,,116,14
2711,,116,358
2712,,116,781
2713,,116,903
2714,,116,1262
2715,,116,1289
2716,,116,1313
2717,,116,1457
2718,,116,1480
2719,,116,1566
2720,,116,1692
2721,,116,1695
2722,,116,1712
2723,,116,1750
2724,,116,1751
2725,,116,1752
2726,,116,1802
2727,,116,1905
2728,,116,2008
2729,,116,2019
2730,,116,2136
2731,,116,2154
2732,,116,2176
2733,,116,2358
2734,,116,2376
2735,,116,2393
2736,,116,2496
2737,,137,195
2738,,137,329
2739,,137,438
2740,,137,439
2741,,137,573
2742,,137,577
2743,,137,585
2745,,137,780
2746,,137,786
2747,,137,790
2748,,137,819
2749,,137,832
2750,,137,2673
2751,,137,866
2752,,137,909
2753,,137,947
2754,,137,950
2755,,137,2672
2756,,137,1004
2757,,137,1025
2758,,137,1066
2759,,137,1098
2760,,137,1117
2761,,137,1163
2762,,137,1188
2763,,137,1200
2764,,137,2674
2765,,137,1299
2766,,137,1339
2767,,137,1468
2768,,137,1499
2769,,137,1589
2770,,137,1631
2771,,137,1659
2772,,137,1894
2773,,137,1921
2774,,137,1926
2775,,137,2676
2776,,137,1966
2777,,137,1994
2778,,137,2054
2779,,137,2094
2780,,137,2153
2781,,137,2675
2782,,137,2208
2783,,137,2312
2784,,137,2320
2785,,137,2392
2786,,137,2456
2787,,137,2470
2788,,157,18
2789,,157,220
2790,,157,373
2791,,157,531
2792,,157,646
2793,,157,647
2794,,157,648
2795,,157,649
2796,,157,650
2797,,157,651
2798,,157,652
2799,,157,653
2800,,157,654
2801,,157,656
2802,,157,2226
2803,,157,2533
2804,,157,2548
2805,,181,1584
2806,,11,12
2807,,11,1584
2808,,11,2258
2811,,160,580
2812,,160,709
2815,,160,822
2817,,160,938
2818,,160,939
2821,,160,1225
2822,,160,1241
2823,,160,1244
2824,,160,1368
2825,,160,1406
2826,,160,1415
2828,,160,1481
2830,,160,1523
2831,,160,1584
2833,,160,1685
2834,,160,1723
2836,,160,1846
2837,,160,1848
2838,,160,1867
2846,,160,1940
2847,,160,1956
2851,,192,2045
2852,,160,2101
2853,,160,2132
2855,,160,2177
2858,,160,2367
2860,,160,2394
2861,,160,2401
2862,,160,2497
2863,,160,2500
2864,,182,291
2865,,182,817
2866,,182,1704
2867,,182,1992
2868,,182,2236
2869,,182,2317
2870,,182,2551
2871,,98,1838
2872,,142,78
2873,,142,208
2874,,142,2355
2875,,186,388
2876,,186,405
2877,,186,437
2878,,186,488
2879,,186,736
2880,,186,773
2881,,186,861
2882,,186,979
2883,,186,1021
2884,,186,1062
2885,,186,1240
2886,,186,1524
2887,,186,1618
2888,,186,1636
2889,,186,1652
2890,,186,1662
2891,,186,2086
2892,,186,2142
2893,,186,2145
2894,,186,2205
2895,,186,2337
2896,,186,2455
2897,,186,2474
2898,,80,336
2899,,80,635
2900,,80,708
2901,,80,1236
2902,,80,1318
2903,,80,1584
2904,,80,1592
2906,,80,2511
2907,,122,229
2908,,122,270
2909,,122,485
2910,,122,576
2911,,122,829
2912,,122,996
2913,,122,1258
2914,,122,1264
2915,,122,1862
2916,,122,2273
2917,,122,2319
2918,,122,2402
2919,,130,1960
2920,,27,2554
2921,,103,2557
2922,,8,2558
2923,,8,2559
2924,,8,2560
2925,,8,2561
2926,,8,2562
2927,,8,2563
2928,,8,2564
2929,,8,2565
2930,,8,2566
2931,,8,2567
2932,,8,2568
2933,,8,2569
2934,,8,2570
2935,,8,2571
2936,,8,2572
2937,,8,2573
2938,,8,2574
2939,,126,2575
2940,,182,2576
2941,,20,2671
2942,,160,2577
2943,,39,2578
2944,,39,2579
2945,,39,2580
2946,,103,2581
2947,,23,2582
2948,,16,2583
2949,,171,2584
2950,,61,2584
2953,,29,2586
2954,,40,2587
2955,,34,2588
2956,,16,2589
2957,,171,2589
2958,,16,2590
2959,,39,2591
2960,,26,2592
2961,,34,2593
2962,,40,2594
2963,,34,2595
2964,,57,2595
2965,,5,2596
2966,,5,2597
2967,,40,2597
2968,,103,2598
2969,,29,2599
2970,,160,2599
2971,,29,2600
2972,,103,2601
2973,,26,2602
2974,,51,2603
2975,,88,2604
2976,,83,2605
2977,,75,2606
2978,,75,2607
2979,,119,2607
2980,,170,2608
2981,,119,2609
2982,,119,2610
2983,,31,2611
2984,,31,2612
2985,,31,2613
2986,,119,2614
2988,,119,2616
2989,,31,2617
2990,,31,2618
2991,,75,2619
2992,,119,2620
2993,,119,2621
2994,,31,2622
2995,,31,2623
2996,,75,2624
2997,,116,2625
2998,,75,2625
2999,,75,2626
3000,,31,2627
3001,,116,2628
3002,,75,2629
3003,,138,2630
3004,,101,2631
3005,,101,2632
3006,,44,2633
3007,,135,2634
3008,,185,2635
3009,,185,2636
3010,,185,2637
3011,,185,2638
3012,,52,2639
3013,,185,2640
3014,,76,2641
3015,,135,2642
3016,,44,2643
3017,,76,2644
3018,,76,2645
3019,,76,2646
3020,,135,2647
3021,,135,2648
3022,,135,2649
3023,,135,2650
3024,,135,2651
3025,,135,2652
3026,,135,2653
3027,,135,2654
3028,,135,2655
3029,,135,2656
3030,,135,2657
3031,,8,2658
3032,,27,2659
3033,,110,2660
3034,,110,2661
3035,,67,2662
3036,,18,2663
3037,,55,2664
3038,,21,2665
3039,,21,2666
3040,,18,2667
3041,,21,2668
3042,,21,2669
3043,,21,2670
3044,,40,2679
3045,,192,1886
3046,,192,1099
3047,,192,1946
3048,,192,1496
3049,,192,2146
3050,,192,1674
3051,,192,865
3052,,192,1441
3053,,192,509
3054,,192,1677
3055,,192,1927
3056,,192,2203
3057,,192,802
3058,,192,1932
3059,,192,1997
3060,,192,1804
3061,,192,1124
3062,,192,722
3063,,192,1906
3064,,192,2384
3065,,192,415
3066,,192,1909
3067,,192,2007
3068,,192,1913
3069,,192,1882
3070,,192,2034
3071,,192,2185
3072,,78,2004
3073,,167,685
3074,,31,685
