id,example_id,reference_id,note
1,1,Stolz-1996,189
2,4,Li-and-Thompson-1981,"128, 117"
3,6,Armbruster-1960,179
4,8,Stolz-1996,197
5,9,Stolz-1996,191
6,11,Stolz-1996,186
7,13,Lavotha-1973,52-54
8,15,Stolz-1996,194
9,17,Stolz-1996,185
10,18,Moyse-Faurie-1983,
11,19,Hoskison-1983,"90, 53"
12,25,Merlan-1982,
13,27,Dedrick-and-Casad-1999,133
14,30,Stolz-1996,199
15,31,Hill-2002,"548, 550"
16,32,Stolz-1996,186
17,34,Frajzyngier-1993,60
18,36,Stolz-1996,200
19,37,Stolz-1996,193
20,43,Foley-1991,"202, 205"
21,44,Stolz-1996,190
22,47,Last-and-Lucassen-1998,400
23,48,Stolz-1996,194
24,49,Noonan-1992,137
25,50,Lastra-de-Suarez-1984,24-25
26,52,Stolz-1996,190
27,55,Sjoberg-1963,142
28,56,Koehn-and-Koehn-1986,62
29,57,Drabbe-1952,30
30,60,Stolz-1996,191
31,62,Stolz-1996,198
32,63,Stolz-1996,195
33,66,Broadbent-1964,
34,67,Stolz-1996,191
35,68,Olawsky-1999,29
36,70,Onishi-2000,117-118
37,73,Tamura-1988,38
38,74,Stolz-1996,184
39,75,Stolz-1996,194
40,77,Schuh-1998,"370, 371"
41,79,Stolz-1996,198
42,85,Ashton-1947,50-51
43,86,Stolz-1996,190
44,87,Stolz-1996,196
45,88,Stolz-1996,192
46,89,Dol-1999,200
47,90,Terrill-2003,170
48,91,Feldman-1986,"60, 138, 148"
49,92,Michailovsky-1988,164-5
50,96,Stolz-1996,188
51,97,Kononov-1960,101
52,102,Sulkala-and-Karjalainen-1992,115
53,103,Stolz-1996,195
54,106,Williams-1980b,165
55,108,Press-1979,"59, 118"
56,113,Stolz-1996,190
57,117,Merlan-1982,92
58,118,Stolz-1996,191
59,123,Reh-1985,267-268
60,124,Sohn-1994,348
61,126,Murane-1974,
62,131,Mous-1993,"238, 226"
63,135,Stolz-1996,196
64,136,Stolz-1996,191
65,137,Hamel-1994,44
66,138,Stolz-1996,197
67,139,Tovar-1981,227
68,140,Newman-2000,477
69,142,Stolz-1996,186
70,143,Holm-1988,193
71,144,Merlan-1982,178
72,145,Biggs-1969,"27, 17"
73,146,Stolz-1996,190
74,147,Olza-Zubiri-and-Jusayu-1985,43-45
75,152,Stolz-1996,195
76,154,Stolz-1996,196
77,155,Kruspe-2004,
78,157,Raz-1983,91
79,158,Stolz-1996,194
80,161,Reichle-1981,"147, 152"
81,162,Reesink-1987,
82,163,Watkins-1984,98-99
83,164,McGregor-1977,
84,165,Bielec-1998,270
85,167,Hanoteau-1906,88
86,171,Stolz-1996,196
87,173,Stolz-1996,187
88,175,Owens-1985,66
89,177,Dench-1991,200
90,178,van-den-Berg-1989a,"80, 108"
91,178,van-den-Berg-1989a,"80, 108"
92,179,Newman-1965,39
93,180,Keen-1983,"239, 237, 215"
94,181,Haile-1926,
95,181,Young-1992,
96,182,Stolz-1996,187
97,183,Christiades-1980,
98,185,Schaub-1985,34
99,186,Stolz-1996,189
100,188,Stolz-1996,198
101,193,Stolz-1996,196
102,195,Stolz-1996,195
103,200,Ashton-et-al-1954,"434, 82"
104,202,Stolz-1996,200
105,203,Hamel-1994,"76, 100"
106,205,Senft-1986,
107,207,Foley-1991,
108,208,Decsy-1966,51
109,209,Cornyn-1944,12-13
110,211,Stolz-1996,191
111,213,McLendon-1996,538
112,215,Li-and-Thompson-1981,
113,219,Frajzyngier-1989,"167, 109"
114,220,Rood-1976,89
115,222,Heath-1984,
116,223,Weir-1994,309
117,227,Rice-2000,191
118,228,Miller-1953,150
119,230,Stolz-1996,197
120,235,Magometov-1965,95-6
121,237,MacDonald-1990,118
122,239,Valenzuela-1997,48-49
123,240,Stolz-1996,187
124,242,Crowley-1982,60
125,244,Stolz-1996,189
126,245,de-Vries-1993,58
127,248,Stolz-1996,185
128,249,Stolz-1996,197
129,254,Kossmann-2000,"160, 108"
130,258,Frank-1990,
131,261,Smyth-2002,
132,264,Bruce-1984,
133,265,Bendor-Samuel-1972,162
134,268,Nagaraja-1985,
135,269,Harrison-1976,"142, 209"
136,272,Kibrik-1996,106
137,273,Rassadin-1978,19
138,278,Kibrik-et-al-1977,227
139,279,Stolz-1996,194
140,284,Foley-1991,225-226
141,286,Stolz-1996,189
142,287,Rupp-1989,95
143,299,Stolz-1996,185
144,303,Deza-Galindo-1992,103-105
145,304,Stolz-1996,200
146,307,Stolz-1996,187
147,310,Stolz-1996,193
148,312,Beaulieux-and-Mladenov-1933,"54-55, 57"
149,313,Stolz-1996,193
150,316,Taylor-1985,"163, 12"
151,319,Stolz-1996,185
152,323,Stolz-1996,192
153,324,Stolz-1996,193
154,325,Kahler-1963,131
155,328,Reh-1985,152
156,330,Johnson-1962,
157,330,Dedrick-and-Casad-1999,
158,332,MacDonald-1990,283
159,333,Stolz-1996,189
160,337,Reh-1985,342
161,342,Stolz-1996,190
162,348,Stolz-1996,191
163,356,Heath-1999a,
164,358,Newman-1996,497
165,359,Stolz-1996,198
166,360,Stolz-1996,193
167,362,van-Eijk-1997,145
168,365,Jochelson-1905,405
169,367,Frajzyngier-1993,143
170,371,Stolz-1996,200
171,377,Matthews-and-Yip-1994,"34, 79-80, 83"
172,389,Rowlands-1959,39
173,391,Stolz-1996,192
174,393,Stolz-1996,193
175,394,Owens-1985,78
176,395,Strom-1992,219
177,396,Donohue-1999a,
178,397,Ikoro-1996,345
179,403,Maring-1967,
180,407,Mitchell-1956,63
181,411,Stolz-1996,197
182,412,Stolz-1996,197
183,414,Stolz-1996,188
184,415,Glinert-1989,204
185,416,Stolz-1996,190
186,426,Stolz-1996,185
187,427,Day-1973,
188,428,Schachter-and-Otanes-1972,
189,431,Stolz-1996,193
190,435,Stolz-1996,199
191,436,Schaub-1985,34
192,439,Crowley-1983,339
193,440,Reichle-1981,"136, 137"
194,441,Foley-1991,207
195,443,Noonan-1992,91
196,446,Dench-1995,72
197,448,Dixon-1977a,263
198,449,Stolz-1996,184
199,450,Stolz-1996,190
200,451,Stolz-1996,184
201,454,Valenzuela-2003,
202,456,Bruce-1984,109
203,457,Franklin-1971,60
204,458,Stolz-1996,195
205,460,Stolz-1996,198
206,462,Stolz-1996,188
207,468,Thompson-et-al-1974,187
208,469,Jones-and-Jones-1991,73-74
209,470,Stolz-1996,197
210,473,Li-and-Thompson-1977,422
211,473,Li-and-Thompson-1981,365
212,475,Rude-1985,91
213,475,Aoki-1994,986
214,475,Rude-1985,97
215,475,Aoki-1970,50
216,476,Stolz-1996,190
217,478,Newman-2000,"153-154, 622"
218,479,Harms-1994,
219,482,Smeets-1989,
220,483,Stolz-1996,184
221,488,Stolz-1996,193
222,494,Curnow-1997,
223,498,Stolz-1996,198
224,501,Stolz-1996,191
225,503,Key-1967,60
226,504,Refsing-1986,
227,505,Stolz-1996,195
228,506,Crowley-2002a,532
229,508,Dickens-1992,61
230,512,Palmer-1986,"19-20, 29"
231,515,Huttar-and-Huttar-1994,"213, 467"
232,517,Stolz-1996,195
233,520,Jacobson-1995,469-470
234,521,Owens-1985,78
235,524,Stolz-1996,198
236,530,Kibrik-1999,283
237,533,Stolz-1996,187
238,534,McGregor-1990,"479, 389"
239,535,Hewitt-1979,33
240,537,Hercus-1994,71
241,541,Foley-1991,205-206
242,544,Gordon-1986,34
243,545,Hamilton-1900,20
244,546,Stolz-1996,185
245,550,Stolz-1996,194
246,552,Vaxtin-1997,98
247,553,Yasugi-1995,339
248,557,Boyeldieu-1995,131-132
249,558,Stolz-1996,200
250,562,Sridhar-1990,215
251,566,Premsrirat-1987,
252,568,Stolz-1996,197
253,569,Kornfilt-1997,428
254,573,Peterson-1999,58
255,581,Stolz-1996,195
256,586,Guirardello-1999a,
257,588,Tovar-1981,194
258,589,Osborn-1966,
259,592,Jacobson-1995,498
260,599,Stolz-1996,197
261,600,Wolfart-1973,25
262,603,Stolz-1996,186
263,607,Bloomfield-1962,506
264,608,Roberts-1987,321-322
265,612,Payne-1997,99
266,614,Haspelmath-1993,218
267,615,Stolz-1996,196
268,619,Stolz-1996,190
269,621,Taylor-1985,
270,628,Derbyshire-1993,109
271,634,Davies-1981b,5
272,636,Haspelmath-1993,135-136
273,637,Grinevald-1988,"183, 185"
274,638,Stolz-1996,198
275,639,Haspelmath-1993,
276,641,Raz-1983,108
277,646,Dillon-and-O-Croinin-1961,
278,647,Stolz-1996,191
279,650,Tayeng-1976,
280,652,Durie-1986,358
281,660,Westermann-1930,99
282,661,Stolz-1996,197
283,662,Popjes-and-Popjes-1986,183
284,669,Schachter-and-Otanes-1972,113
285,671,Greene-1966,"40, 43"
286,675,Amha-2001,161
287,676,Stolz-1996,200
288,679,Tereshchenko-1966a,374
289,680,Gordon-1986,141
290,682,Stolz-1996,186
291,683,Stolz-1996,192
292,684,Stolz-1996,195
293,685,Louwerse-1988,
294,686,Stolz-1996,200
295,687,Burling-1961,44
296,689,Morgenstierne-1949,220
297,690,Brown-2001,538
298,692,Stolz-1996,189
299,695,Stolz-1996,185
300,699,Li-and-Thompson-1977,428
301,704,Owens-1985,"107, 131"
302,707,Paris-1989,175
303,711,Payne-and-Payne-1990,
304,712,Jones-and-Jones-1991,"20, 31"
305,713,Stolz-1996,185
306,714,Robins-1958,20-21
307,717,Stolz-1996,192
308,718,Maslova-2003a,492
309,719,Stolz-1996,197
310,720,Stolz-1996,191
311,721,Murane-1974,58
312,725,Stolz-1996,196
313,726,Penchoen-1973b,28
314,727,Werner-1997a,125
315,729,Stolz-1996,193
316,730,Rumsey-1982,"43, 47"
317,732,Stolz-1996,194
318,735,Talibov-1985,92
319,736,Mous-1993,112
320,738,Innes-1966,35
321,741,Hagman-1977,
322,744,Stolz-1996,194
323,745,Stolz-1996,192
324,747,Panfilov-1962,253-7
325,750,Stolz-1996,185
326,751,Jacob-1968,
327,752,Mathiassen-1996,78
328,754,Breen-1981a,284
329,759,Brown-2005,
330,760,Stevenson-1969,67
331,762,Snyman-1970,
332,763,Derbyshire-1979,48
333,766,Sammallahti-1998a,77
334,766,Bartens-1989,296
335,768,Stolz-1996,189
336,774,Mainwaring-1876,
337,777,Guirardello-1999a,"95, 99"
338,780,Stolz-1996,196
339,781,Dench-1995,75
340,783,Poppe-1970,91
341,787,Dayley-1989b,"141, 145"
342,793,Dedrick-and-Casad-1999,
343,794,Stolz-1996,197
344,795,Gadzhiaxmedov-2000,246
345,796,Stolz-1996,186
346,798,Stolz-1996,197
347,799,Tozzer-1921,99-103
348,800,Meeuwis-1998,28
349,801,Stolz-1996,194
350,803,Gruzdeva-1998,"18, 38"
351,804,Miller-1965,160-161
352,805,Dryer-1992,
353,806,Comrie-1998,82
354,807,Stolz-1996,190
355,810,Stolz-1996,190
356,812,Key-1967,50
357,813,Bhat-and-Ningomba-1997,5
358,816,Armbruster-1960,
359,817,Stolz-1996,190
360,819,Olawsky-1999,"44, 51"
361,820,Celo-1996,143
362,821,Kornfilt-1997,428
363,825,Lukas-1953,166
364,826,Rice-1989,1235
365,828,Witucki-1974,
366,831,Stolz-1996,186
367,832,Dugast-1971,309
368,834,Kuipers-1967,
369,835,Berry-and-Berry-1999,102
370,837,Davies-1981b,154
371,839,Stolz-1996,189
372,846,Stolz-1996,190
373,850,Muhlhausler-1981,43
374,852,Dayley-1985,367
375,854,Tosco-1991,88
376,860,Mahootian-1997,266-267
377,862,Donaldson-1980,
378,866,Stolz-1996,191
379,868,Stolz-1996,195
380,872,Young-and-Morgan-1987,3
381,874,Faraclas-1984,"27, 37"
382,875,Fromm-and-Sadeniemi-1956,115
383,881,Stolz-1996,189
384,883,Stolz-1996,189
385,885,Lukas-1953,170
386,886,Cornyn-and-Roop-1968,
387,892,Stolz-1996,195
388,893,Matthews-and-Yip-1994,87
389,894,Stolz-1996,192
390,897,Panfilov-1962,111-116
391,898,Leslau-1995,418
392,899,Stolz-1996,200
393,901,Kutsch-Lojenga-1994,
394,904,Miller-1965,160-161
395,907,Stolz-1996,187
396,909,Stolz-1996,187
397,910,Voorhoeve-1965,"136, 133"
398,913,Stolz-1996,187
399,915,Douglas-1959,55
400,916,Stolz-1996,198
401,917,Stolz-1996,195
402,918,Sneddon-1996,
403,919,Reh-1985,461
404,921,Donohue-1999a,109
405,922,Keen-1983,243
406,926,Stolz-1996,188
407,927,Li-and-Thompson-1981,113
408,928,Voorhoeve-1965,
409,933,Stolz-1996,195
410,935,Carlson-1994,
411,936,Yasugi-1995,289
412,937,Saltarelli-et-al-1988,221
413,942,Stolz-1996,191
414,944,Chapman-and-Derbyshire-1991,257
415,946,Frajzyngier-1993,59-60
416,952,Sapir-1965,90
417,953,Stolz-1996,200
418,956,Kahombo-1992,171
419,958,Li-and-Thompson-1981,20
420,959,Valkama-2000,13-14
421,964,Nordlinger-1998,
422,966,Kuipers-1967,
423,969,Friberg-1996,"141, 140"
424,971,Osumi-1995,"215, 177, 182"
425,972,Ucida-1970,"31, 38"
426,973,Elbert-and-Pukui-1979,159
427,975,Everett-1986,272
428,978,Dedrick-and-Casad-1999,
429,981,Stolz-1996,194
430,985,Fromm-1982,89
431,993,Sun-and-Liu-1986,44
432,995,Rumsey-1982,
433,996,Stolz-1996,187
434,997,Fortescue-1984,306
435,999,Stolz-1996,192
436,1001,Tarpent-1987,461
437,1004,Willett-1991,55
438,1011,Tereshchenko-1973,
439,1015,Schachter-and-Otanes-1972,407-409
440,1016,Stolz-1996,191
441,1017,Korolev-1965,82
442,1018,Stolz-1996,190
443,1019,Carlin-1993,79
444,1020,McGregor-1990,438
445,1023,Lavotha-1973,96
446,1025,Robins-1958,
447,1027,Stolz-1996,199
448,1029,Stolz-1996,188
449,1030,Curnow-1997,"179, 184"
450,1035,Stolz-1996,197
451,1042,Lang-1973,77
452,1043,Johnson-and-Madan-1939,335
453,1044,Bolton-1990,"45, 54"
454,1045,Corbett-and-Mithun-1996,12
455,1047,Roberts-1987,201
456,1049,Reh-1985,"144-154, 164"
457,1050,Dixon-1972,51
458,1051,Vall-and-Kanakin-1988,24
459,1055,Tovar-1981,227
460,1060,Stolz-1996,184
461,1062,Stolz-1996,197
462,1063,Stolz-1996,200
463,1064,Derbyshire-1985,132-133
464,1068,Stolz-1996,199
465,1069,Hoff-1968,151
466,1073,Rice-1989,997
467,1078,McGregor-1995,20
468,1079,Stolz-1996,198
469,1080,Facundes-2000,
470,1087,Stolz-1996,191
471,1088,Huang-and-Ahrens-1999,2
472,1089,Broadbent-1964,93
473,1090,Armbruster-1960,327
474,1092,Tryon-1970a,18
475,1094,Bruce-1984,
476,1096,Terrill-2003,
477,1103,Stolz-1996,192
478,1104,Stolz-1996,199
479,1108,Lewis-1967,109
480,1109,Bauer-1993,42
481,1114,Derbyshire-1979,87
482,1115,Stolz-1996,197
483,1118,Glinert-1989,82
484,1119,Gordon-1986,29
485,1120,Campbell-and-Campbell-1987,8
486,1121,Topping-1973,146
487,1128,Stolz-1996,186
488,1131,Stolz-1996,186
489,1137,Rennison-1997,299
490,1142,Osborne-1974,74-75
491,1144,Donohue-1999a,73
492,1145,Stolz-1996,194
493,1147,Stolz-1996,187
494,1148,Smyth-2002,
495,1151,Stolz-1996,185
496,1153,Stolz-1996,200
497,1154,Davies-1981b,61
498,1158,Sulkala-and-Karjalainen-1992,55
499,1159,Hosokawa-1991,36
500,1162,Hess-1968,
501,1164,Stolz-1996,190
502,1165,Roberts-1987,222
503,1168,Lastra-1998,21
504,1172,Dol-1999,137
505,1173,Stolz-1996,194
506,1174,Newman-2000,460
507,1176,Pitman-1980,93
508,1179,Popjes-and-Popjes-1986,139
509,1181,Samarin-1967a,135-6
510,1183,Zhirkov-1955,
511,1184,Hoffmann-1963,13
512,1186,Stolz-1996,198
513,1189,Stolz-1996,184
514,1191,Stolz-1996,192
515,1192,Stolz-1996,200
516,1193,Stolz-1996,186
517,1201,Raz-1983,45
518,1206,Jung-1989,102-104
519,1208,Noss-1964,170
520,1210,Harris-1988,237
521,1215,Stolz-1996,189
522,1218,Stolz-1996,187
523,1221,Stolz-1996,197
524,1223,Rupp-1989,
525,1224,Gruzdeva-1998,
526,1225,Hinds-1986,222-3
527,1227,Wolfart-and-Carroll-1981,24
528,1231,Stolz-1996,190
529,1234,Langdon-1970,143
530,1237,Stolz-1996,199
531,1238,Smeets-1989,
532,1239,Harrison-1986,419
533,1241,Volodin-1997,"63, 65"
534,1242,Karlsson-1978,"125, 133"
535,1243,Sapir-1922b,241
536,1244,Campbell-1985,
537,1247,Kahler-1963,17
538,1252,Ubrjatova-1985,41
539,1253,Stolz-1996,195
540,1256,Stolz-1996,184
541,1257,Stolz-1996,184
542,1259,Joseph-and-Philippaki-Warburton-1987,171
543,1263,Stolz-1996,197
544,1264,Stolz-1996,189
545,1266,Tuggy-1979,
546,1267,Stolz-1996,195
547,1268,Najlis-1966,
548,1270,Watkins-1984,
549,1273,Stolz-1996,187
550,1275,Gordon-1986,270
551,1276,Stolz-1996,191
552,1278,Stolz-1996,190
553,1280,Stolz-1996,197
554,1282,Greene-1966,"46, 43"
555,1285,Kwee-1981,97
556,1286,Tucker-and-Mpaayei-1955,93
557,1289,Steele-1977,"114, 122"
558,1291,Stolz-1996,197
559,1292,Samarin-1967b,86; 96
560,1294,Stolz-1996,195
561,1297,Stolz-1996,191
562,1299,Stolz-1996,193
563,1302,Frajzyngier-1993,55-58
564,1303,Ebert-1979,251
565,1305,Stolz-1996,194
566,1306,Franklin-1971,49
567,1307,Stolz-1996,188
568,1308,Bowe-1990,
569,1311,Harriehausen-1990,205
570,1312,Feldman-1986,"40, 118, 198, 203"
571,1313,Fortescue-1984,"292, 294"
572,1315,Bright-1957,67
573,1316,Seiler-1985,82
574,1320,Sunik-1982,"121-2, 126"
575,1322,Dench-1991,193
576,1323,Huttar-and-Huttar-1994,"173, 175"
577,1324,Carlson-1994,169
578,1328,Gary-and-Gamal-Eldin-1982,59
579,1329,Stolz-1996,193
580,1330,Penchoen-1973a,24
581,1332,Dixon-1988,216
582,1338,Everett-1986,276
583,1339,Doerfer-1962,191
584,1341,MacDonald-1990,"108, 122"
585,1343,Facundes-2000,
586,1349,Stolz-1996,189
587,1353,Enrico-2003,
588,1354,Bromley-1981,"91, 203, 401"
589,1357,Stolz-1996,188
590,1358,Tepljashina-and-Lytkin-1976,142
591,1361,Bodomo-1997,71
592,1362,Chelliah-1997,133
593,1364,Ding-1998,191
594,1365,Xu-and-Zhao-1984,"77, 73"
595,1366,Stolz-1996,191
596,1367,Donohue-1999a,
597,1367,Donohue-1999a,53
598,1370,Stolz-1996,196
599,1372,Kouwenberg-1994,"230, 238-9"
600,1373,Lister-Turner-and-Clark-1930,54
601,1375,Stolz-1996,189
602,1376,Kutsch-Lojenga-1994,220-221
603,1381,Kimball-1991,
604,1382,Stolz-1996,199
605,1384,Sapir-1965,
606,1393,Gil-1988,
607,1394,Carlson-1994,169
608,1395,Stolz-1996,191
609,1396,Topping-1973,
610,1397,Ashton-et-al-1954,234
611,1398,van-den-Berg-1995,69-70
612,1399,Chelliah-1997,245-6
613,1401,Stolz-1996,187
614,1402,Popjes-and-Popjes-1986,161
615,1405,Watkins-1984,211
616,1406,Stolz-1996,185
617,1410,Refsing-1986,204
618,1410,Tamura-2000,118
619,1412,Sapir-1965,84
620,1414,Donaldson-1980,166
621,1416,Heath-1984,"339, 343, 344, 348"
622,1417,Groves-et-al-1985,
623,1419,Stolz-1996,200
624,1422,Hoang-1982,50
625,1423,Li-and-Thompson-1981,
626,1424,Evans-1995,242
627,1425,Frank-1990,"52, 21"
628,1426,Willett-1991,"194, 191"
629,1427,Miller-1965,160
630,1428,Kutsch-Lojenga-1994,376
631,1429,Collins-1962,54
632,1432,Tucker-and-Bryan-1966,543
633,1433,Stolz-1996,189
634,1434,Kutsch-Lojenga-1994,135
635,1440,Echols-and-Shadily-1961,230
636,1443,Berger-1998,
637,1446,Kimball-1991,200
638,1449,Stolz-1996,193
639,1450,van-den-Berg-1989b,152
640,1451,Topping-1973,89
641,1455,Stolz-1996,190
642,1456,Stolz-1996,199
643,1464,Dol-1999,
644,1469,Dillon-and-O-Croinin-1961,166
645,1471,Stolz-1996,184
646,1474,Stolz-1996,185
647,1475,Borgman-1990,
648,1480,Stolz-1996,189
649,1481,Sova-1962,"173, 443"
650,1482,Stolz-1996,193
651,1486,Stolz-1996,193
652,1488,Seiler-1985,
653,1492,Roberts-1987,139
654,1494,Stolz-1996,185
655,1498,Stolz-1996,196
656,1504,Ziervogel-et-al-1981,210
657,1507,Stolz-1996,196
658,1510,Stolz-1996,186
659,1516,Stolz-1996,185
660,1518,Cornyn-and-Roop-1968,356
661,1519,Yasugi-1995,253
662,1522,Dimock-1965,
663,1522,Radice-1994,
664,1523,Harms-1994,
665,1524,Heath-1999a,127
666,1531,Bruce-1984,202
667,1532,Mathiassen-1997,"43, 65"
668,1533,Stolz-1996,186
669,1535,Ginter-and-Tarnoi-1991,"76, 78"
670,1536,Stolz-1996,188
671,1540,Stolz-1996,188
672,1543,Mahootian-1997,
673,1544,Roberts-1987,307
674,1545,Li-and-Thompson-1981,89
675,1547,Rice-1989,
676,1549,Stolz-1996,200
677,1551,Stolz-1996,186
678,1552,Stolz-1996,198
679,1553,Stolz-1996,189
680,1557,Reh-1985,
681,1561,Westermann-1930,92
682,1564,Stolz-1996,191
683,1565,McClelland-2000,27
684,1566,Curnow-1997,93
685,1568,Lorimer-1935,260
686,1570,Elbert-and-Pukui-1979,129
687,1570,Elbert-and-Pukui-1979,129
688,1572,Schaub-1985,34
689,1576,Henderson-1995,64
690,1577,Stolz-1996,200
691,1583,Stolz-1996,198
692,1584,Stolz-1996,187
693,1587,Owens-1985,
694,1588,Foley-1991,39
695,1590,Bromley-1961,37
696,1591,Haspelmath-1993,232
697,1594,Stolz-1996,186
698,1595,Macaulay-1996,"120, 124"
699,1597,Ittmann-1939,187
700,1599,Reh-1985,201-9
701,1603,Crowley-1982,
702,1607,Hagman-1977,83-86
703,1608,Li-and-Thompson-1981,486
704,1609,Stolz-1996,197
705,1611,Pet-1987,"108, 109, 161"
706,1612,Stolz-1996,191
707,1614,Stolz-1996,193
708,1617,Nikolaeva-1999,13
709,1618,Brown-and-Levinson-1987,
710,1623,Davies-1981a,
711,1624,Stolz-1996,199
712,1631,Stolz-1996,196
713,1632,Ebert-1979,
714,1633,Langdon-1970,"147, 159"
715,1634,Stolz-1996,200
716,1638,Everett-1986,281
717,1639,Stolz-1996,195
718,1640,Holton-et-al-1997,105
719,1641,Stolz-1996,184
720,1642,Genko-1995,159
721,1643,Stolz-1996,193
722,1644,Meinhof-1930,43
723,1645,Stolz-1996,200
724,1646,Lewis-1967,"26, 40, 65"
725,1648,Stolz-1996,187
726,1649,Baskakov-1975,61
727,1650,Stolz-1996,192
728,1653,Unseth-1989,117
729,1654,Roberts-1987,
730,1655,Green-and-Igwe-1963,
731,1656,Rood-1976,
732,1657,Popjes-and-Popjes-1986,175-176
733,1660,Merlan-1994,
734,1662,Stolz-1996,187
735,1664,Murane-1974,81
736,1665,Stolz-1996,189
737,1667,Stolz-1996,187
738,1668,Stolz-1996,185
739,1671,Blevins-2001,134
740,1675,Macaulay-1996,117
741,1679,Stolz-1996,188
742,1680,Jones-1986a,40
743,1683,Stolz-1996,199
744,1688,Stolz-1996,197
745,1692,Stolz-1996,195
746,1694,Stolz-1996,192
747,1697,Hewitt-1979,198
748,1699,Stolz-1996,198
749,1700,Hagman-1977,35
750,1701,Kimenyi-1980,172
751,1702,Love-2000,8-10
752,1704,Kornfilt-1997,90
753,1705,Payne-1990,255
754,1706,Kozintseva-2001,247
755,1708,Street-1963,
756,1709,Kenesei-et-al-1998,"102, 106"
757,1712,Pokrovskaja-1964,108
758,1714,Stolz-1996,185
759,1716,Tucker-and-Bryan-1966,"425, 432"
760,1720,Stolz-1996,195
761,1721,Skorik-1961,390
762,1722,Smeets-1989,234
763,1724,Davies-1981b,164
764,1726,MacKay-1999,153
765,1730,Cyffer-1998,
766,1730,Cyffer-1974,
767,1730,Lukas-1937,
768,1735,Lorimer-1935,"96, 97"
769,1738,Maring-1967,119
770,1739,Hewitt-1995,573
771,1746,Hamel-1994,94
772,1747,Stolz-1996,190
773,1750,Stolz-1996,191
774,1752,Matisoff-1973,65
775,1754,Kenesei-et-al-1998,
776,1757,Stolz-1996,192
777,1759,Van-Valin-1977,
778,1760,Du-Feu-1996,
779,1760,Du-Feu-1996,67-68
780,1761,Stolz-1996,194
781,1762,Samarin-1967a,
782,1763,Cole-1985,"83, 94"
783,1766,Crazzolara-1960,80-83
784,1769,Gary-and-Gamal-Eldin-1982,
785,1770,Stolz-1996,198
786,1772,Heusler-1964,124-125
787,1773,Stolz-1996,184
788,1775,Hoskison-1983,107
789,1777,Stolz-1996,195
790,1781,Donaldson-1980,102-3
791,1783,Reed-et-al-1977,
792,1784,Sneddon-1996,185
793,1789,Stolz-1996,188
794,1791,Konig-and-Heine-2001,
795,1792,Stolz-1996,187
796,1793,Stolz-1996,200
797,1796,Rice-1989,374-375
798,1800,McGregor-1990,
799,1801,Dayley-1985,"282, 75"
800,1802,Romero-Figueroa-1997,
801,1803,Dixon-1988,243
802,1804,Stolz-1996,192
803,1805,Stolz-1996,197
804,1806,Wade-1992,"53, 69"
805,1807,Stolz-1996,185
806,1808,Westermann-1945,
807,1812,Bruce-1984,146
808,1813,Stolz-1996,188
809,1814,Terrill-2003,80
810,1816,Meyer-Bahlburg-1972,186
811,1818,Stolz-1996,185
812,1819,Novikova-1997,291
813,1820,Key-1967,
814,1822,Marchese-1986a,231
815,1823,Young-and-Morgan-1987,"143, 133"
816,1824,Stolz-1996,188
817,1826,Ogunbowale-1970,
818,1828,Sulkala-and-Karjalainen-1992,227
819,1829,Clairis-1985,201
820,1830,Stolz-1996,189
821,1833,Comrie-1998,63
822,1837,Stolz-1996,186
823,1841,Stolz-1996,190
824,1846,Stolz-1996,197
825,1850,Merlan-1982,170
826,1850,Merlan-1982,170
827,1853,Olson-1992,349
828,1856,Berger-1998,"44, 91"
829,1857,Stolz-1996,197
830,1858,Ikoro-1996,70
831,1861,Reh-1985,112
832,1866,Heath-1981,270
833,1872,Rupp-1989,1
834,1874,Innes-1966,
835,1875,Stolz-1996,184
836,1877,Salas-1992,78
837,1881,Rumsey-1982,58
838,1887,Stolz-1996,184
839,1888,Merlan-1994,299
840,1889,Pitman-1980,
841,1894,Craig-1977,76
842,1895,van-Driem-1993,258
843,1900,Pandharipande-1997,
844,1903,Stolz-1996,189
845,1906,Stolz-1996,195
846,1909,Stolz-1996,188
847,1912,Seiler-1985,74; 78
848,1913,Pet-1987,"47, 83"
849,1915,van-Driem-1987,29-30
850,1916,Stolz-1996,193
851,1920,Stolz-1996,191
852,1923,Izidinova-1997,302
853,1924,Senft-1986,46-47
854,1928,Stolz-1996,196
855,1931,Heath-1984,343-344
856,1939,Bhatia-1993,213
857,1940,den-Besten-2001,
858,1942,Hewitt-1979,"209, 105"
859,1943,Innes-1966,"102, 103"
860,1948,Stolz-1996,189
861,1952,Stolz-1996,188
862,1957,Sanzheyev-1973,
863,1958,Corbett-2000,191
864,1959,Tucker-and-Bryan-1966,"277, 280"
865,1960,Gordon-1986,249
866,1962,Stolz-1996,200
867,1963,Stolz-1996,186
868,1964,Chao-1968,635-6
869,1965,Nikolaeva-and-Tolskaya-2001,"840, 487"
870,1967,Stolz-1996,196
871,1971,Macaulay-1996,45
872,1973,Craig-1977,
873,1974,Stolz-1996,190
874,1976,Gary-and-Gamal-Eldin-1982,111
875,1977,Schaub-1985,34
876,1984,Conrad-and-Wogiga-1991,43
877,1987,Franklin-1971,
878,1988,Stolz-1996,197
879,1989,Stolz-1996,192
880,1991,Comrie-1998,82
881,1995,Stolz-1996,188
882,1998,Heath-1984,156
883,1999,Green-and-Igwe-1963,37
884,2001,Leavitt-1996,9
885,2003,Douglas-1991,86
886,2009,Merlan-1983,46
887,2010,Stolz-1996,189
888,2012,Stolz-1996,197
889,2016,van-den-Berg-1995,122
890,2017,Dimmendaal-1983a,466
891,2018,Cincius-1975,663
892,2020,Stolz-1996,190
893,2022,Vinas-Urquiza-1974,
894,2023,Lawrence-1993,72
895,2025,Abraham-1985,23
896,2029,Stolz-1996,196
897,2037,Osada-1992,119
898,2040,Stolz-1996,195
899,2042,Stolz-1996,199
900,2044,Hardman-2001,122
901,2045,Portman-1992,198
902,2047,Stolz-1996,190
903,2048,Saltarelli-et-al-1988,43
904,2051,Armbruster-1960,"323, 327"
905,2053,Bruce-1984,320
906,2055,Reichle-1981,
907,2058,Dol-1999,"87, 88"
908,2059,Saltarelli-et-al-1988,278
909,2061,Stolz-1996,190
910,2063,Stolz-1996,194
911,2067,Hewitt-1995,454-493
912,2072,Stolz-1996,187
913,2076,Haspelmath-1997,200
914,2077,Evans-1995,404
915,2081,Schaub-1985,84-85
916,2083,Bentley-1887,538
917,2083,Bentley-1887,538
918,2086,Stolz-1996,187
919,2088,Hangin-1968,29
920,2089,Harriehausen-1990,
921,2092,Stolz-1996,192
922,2093,Kimball-1991,323-324
923,2094,Stolz-1996,198
924,2100,Kazenin-1996,160
925,2101,Dayley-1985,"245, 321"
926,2103,Stolz-1996,186
927,2104,Zhirkov-1955,53
928,2105,Buechel-1939,110
929,2106,Tepljashina-and-Lytkin-1976,141-2
930,2112,Cyffer-1974,122
931,2114,Bromley-1981,56-57
932,2116,Holm-1988,193
933,2117,Stolz-1996,189
934,2120,Nagaraja-1999,44
935,2125,Owens-1985,100
936,2126,Maslova-2003a,399
937,2127,Brown-2001,69-70
938,2128,Heath-1999a,8-9
939,2129,Stolz-1996,199
940,2130,Conrad-and-Wogiga-1991,58
941,2132,Hewitt-1979,103
942,2133,Allan-et-al-1995,54
943,2135,Kuno-1978,123-124
944,2136,Stolz-1996,191
945,2137,Drabbe-1959a,56
946,2138,Grjunberg-1980,178
947,2141,Stolz-1996,194
948,2144,Mous-1993,
949,2145,Kovedjaeva-1976,43
950,2146,Stolz-1996,191
951,2151,Dol-1999,88
952,2152,Subotic-and-Forbes-1918,75
953,2153,Dillon-and-O-Croinin-1961,137
954,2155,Bohm-1984,
955,2155,Thompson-1989a,
956,2158,Stolz-1996,193
957,2162,Kroeber-1907,257
958,2168,Dayley-1989b,257
959,2170,Guirardello-1999a,404
960,2175,Tamura-1988,38
961,2176,Nedjalkov-1997,
962,2181,Hofling-2000,48
963,2182,Najlis-1973,28
964,2185,Stolz-1996,199
965,2187,Terrill-2003,55
966,2190,Schachter-and-Otanes-1972,201
967,2193,Hewitt-1979,234-235
968,2194,Tompa-1968,206-209
969,2198,Couro-and-Langdon-1975,"224, 236"
970,2199,Stolz-1996,199
971,2200,Stolz-1996,199
972,2203,Stolz-1996,193
973,2206,Poulos-and-Bosch-1997,19
974,2207,Stolz-1996,195
975,2208,Frajzyngier-1993,353
976,2210,Curnow-1997,"61, 102"
977,2212,Trenga-1947,70
978,2213,Lewis-1968,157
979,2217,van-den-Berg-1995,98
980,2218,Dunn-1999,362
981,2219,Stolz-1996,190
982,2220,Drake-1903,"149, 132, 80"
983,2222,Derbyshire-1979,132-3
984,2226,Stolz-1996,186
985,2227,Hamel-1994,107
986,2229,Madieva-1965,127
987,2233,Stolz-1996,186
988,2237,Ezard-1997,99
989,2238,Thurston-1982,37
990,2239,Stolz-1996,190
991,2240,Mulder-1994,"32, 162"
992,2247,Day-1973,55
993,2248,Petterson-1999,24
994,2250,Stolz-1996,195
995,2251,Andronov-1971,
996,2252,Stolz-1996,193
997,2255,Roberts-1987,139
998,2258,Stolz-1996,196
999,2260,Sohn-1994,380
1000,2261,Mathiassen-1997,
1001,2262,Vitale-1981,152
1002,2269,Stolz-1996,195
1003,2270,De-Bray-1980a,
1004,2271,Stolz-1996,190
1005,2272,Stolz-1996,189
1006,2275,Tamura-1988,40
1007,2277,Corbett-and-Mithun-1996,8-9
1008,2283,Derbyshire-1993,90
1009,2286,Stolz-1996,186
1010,2289,Neukom-2001,86
1011,2294,Agazade-1967,149
1012,2296,Dumezil-1931,17
1013,2297,Jones-and-Jones-1991,"24, 46"
1014,2302,Stolz-1996,191
1015,2305,Gordon-1986,110
1016,2311,Charney-1993,161
1017,2312,van-den-Berg-1995,112
1018,2314,Stolz-1996,194
1019,2321,Stolz-1996,192
1020,2323,Stolz-1996,194
1021,2330,Stolz-1996,198
1022,2331,Abbott-1991,86
1023,2339,Stolz-1996,189
1024,2341,Welmers-1976,116
1025,2341,Koelle-1854,92
1026,2342,Stolz-1996,192
1027,2345,Stolz-1996,187
1028,2348,Mirikitani-1972,"137, 44, 72"
1029,2358,Stolz-1996,187
1030,2359,Stolz-1996,186
1031,2364,Stolz-1996,199
1032,2366,Derbyshire-1979,137
1033,2368,De-Bray-1980a,
1034,2368,Mistrik-1981,74
1035,2369,Crowell-1979,197
1036,2371,de-Vries-1993,"78, 77"
1037,2373,Stolz-1996,192
1038,2374,Stolz-1996,196
1039,2375,Meier-et-al-1975,218
1040,2379,Stolz-1996,185
1041,2386,Williams-1980b,79
1042,2392,Stolz-1996,186
1043,2397,Noss-1964,
1044,2398,Seiter-1980,25
1045,2402,Bird-et-al-1977,109
1046,2404,Stolz-1996,190
1047,2406,Donaldson-1980,109
1048,2409,Thompson-1965,221
1049,2410,Bauer-1993,140
1050,2417,Frajzyngier-1993,59
1051,2425,Stolz-1996,194
1052,2427,Faraclas-1984,"104, 112"
1053,2428,Dol-1999,"93, 97"
1054,2431,Chafe-1996,
1055,2434,Merlan-1982,"30, 64"
1056,2437,Stolz-1996,195
1057,2439,Jacq-and-Sidwell-1999,30-31
1058,2442,Stolz-1996,195
1059,2446,Stolz-1996,184
1060,2447,Maslova-2003a,
1061,2451,Skorik-1961,
1062,2452,Bird-et-al-1977,
1063,2453,Henderson-1997,"395, 23, 230, 78"
1064,2454,Lewis-1967,"99, 141"
1065,2456,Stolz-1996,193
1066,2461,Stolz-1996,199
1067,2463,Tucker-and-Bryan-1966,47
1068,2464,Li-and-Thompson-1981,217
1069,2466,Stolz-1996,193
1070,2473,Stolz-1996,196
1071,2478,Sohn-1975,93-94
1072,2480,Scancarelli-1987,190
1073,2484,Haas-1940,118
1074,2485,Penchoen-1973b,54
1075,2492,Stolz-1996,199
1076,2493,Asher-1985,155
1077,2494,Stolz-1996,196
1078,2496,Frachtenberg-1913,
1079,2497,Nedjalkov-1997,"264, 265, 269"
1080,2498,Kumaxov-1971,236
1081,2500,Taylor-1985,27
1082,2506,Bugenhagen-1995,94
1083,2509,Stolz-1996,195
1084,2512,Stolz-1996,195
1085,2514,Dunn-1999,76
1086,2515,Lewis-1967,98
1087,2517,Kalinina-1993,97
1088,2518,Capell-and-Hinch-1970,
1089,2522,Traill-1994,18
1090,2523,Refsing-1986,113
1091,2525,Kimball-1991,356
1092,2528,Koehn-and-Koehn-1986,88
1093,2529,Bowden-2001,335
1094,2530,Kornfilt-1997,"312, 315"
1095,2535,Kozinsky-et-al-1988,652
1096,2537,Huttar-and-Huttar-1994,
1097,2540,Stolz-1996,192
1098,2541,Bowe-1990,9-19
1099,2544,Miller-1965,177
1100,2545,Stolz-1996,192
1101,2546,Heath-1980b,28-29
1102,2548,Harris-1981,
1103,2548,Tschenkeli-1958,
1104,2550,Du-Feu-1996,172
1105,2552,Stolz-1996,185
1106,2553,Everett-and-Kern-1997,
1107,2554,Donohue-1999a,153
1108,2555,Bright-1957,"327, 353"
1109,2557,Wiering-1994,"148, 170"
1110,2558,Moshinsky-1974,69
1111,2559,Priego-Montfort-de-Mostaghimi-1989,120
1112,2561,Stolz-1996,198
1113,2564,Sridhar-1990,224
1114,2567,Jones-and-Jones-1991,
1115,2568,Das-Gupta-1971,21
1116,2569,Stolz-1996,194
1117,2571,Stolz-1996,196
1118,2572,Stolz-1996,198
1119,2573,Everett-1986,269
1120,2574,Wendt-1972,56
1121,2576,Mitchell-1962,97
1122,2581,Raz-1983,108
1123,2582,Stolz-1996,194
1124,2584,Walker-1999,
1125,2586,Stolz-1996,196
1126,2588,Stolz-1996,189
1127,2589,Klimov-1970,42
1128,2591,Owens-1985,90
1129,2595,Stolz-1996,186
1130,2601,Stolz-1996,186
1131,2602,Horton-1949,166
1132,2603,Dixon-1988,40
1133,2608,Stolz-1996,198
1134,2610,Hess-1968,75-76
1135,2611,Arakin-1963,
1136,2612,Macaulay-1996,
1137,2615,Du-Feu-1996,142
1138,2621,Roberts-1987,265
1139,2622,Solnit-1997,208
1140,2627,Hardman-2000,21
1141,2630,Arensen-1982,
1142,2632,Stolz-1996,196
1143,2636,van-Enk-and-de-Vries-1997,75
1144,2638,Sneddon-1996,"199, 94"
1145,2639,Stolz-1996,199
1146,2644,Shell-1952,116
1147,2645,Stolz-1996,191
1148,2646,Stolz-1996,198
1149,2647,Hinds-1986,"97, 94"
1150,2650,Saltarelli-et-al-1988,6
1151,2654,Stolz-1996,194
1152,2655,Stolz-1996,191
1153,2657,Benjamin-1976,155
1154,2661,Stolz-1996,194
1155,2662,Mathiassen-1997,"181, 187"
1156,2663,Andronov-1980,"77-79, 57-69"
1157,2666,Heath-1999a,105
1158,2668,Stolz-1996,190
1159,2671,Davies-1981a,206
1160,2680,Thrainsson-1994,153
1161,2683,Scott-1978,89
1162,2688,Meeuwis-1998,28
1163,2692,Boas-and-Deloria-1941,
1164,2693,Osborne-1974,60
1165,2694,Rubino-2001b,540
1166,2695,Harley-1944,"11, 27"
1167,2698,Mazur-1983,230-231
1168,2701,Zirkov-1955,74-75
1169,2702,Watkins-1984,210f
1170,2706,Azkue-1906,261
1171,2715,Keenan-1976,"270, 269"
1172,2716,Stolz-1996,200
1173,2719,Lynch-1982a,119
1174,2720,Woollams-1996,227
1175,2721,Stolz-1996,192
1176,2722,Rowlands-1969,107-108
1177,2723,Sohn-1994,348
1178,2726,Koshal-1979,238
1179,2727,Stolz-1996,195
1180,2730,Stolz-1996,188
1181,2733,Stolz-1996,189
1182,2734,Cincius-1975,668
1183,2735,Besnier-2000,325
1184,2736,Stolz-1996,188
1185,2739,Heath-1999b,117
1186,2744,Young-and-Morgan-1987,
1187,2746,Seaman-1996,
1188,2747,Voorhoeve-1965,
1189,2749,Macaulay-1996,170
1190,2751,Stolz-1996,200
1191,2752,Nordlinger-1998,"80-84, 126"
1192,2753,Ding-1998,107
1193,2761,Stolz-1996,189
1194,2762,Benzing-1965,722
1195,2764,Stolz-1996,186
1196,2765,Arensen-1982,72
1197,2769,Stolz-1996,190
1198,2773,van-den-Berg-1989b,"150, 163"
1199,2775,Tikhomirova-1978,"53, 114-5"
1200,2779,Solnit-1997,
1201,2780,Fortescue-1984,
1202,2782,Drabbe-1952,30
1203,2783,Hoddinott-and-Kofod-1988,72
1204,2784,Underhill-1976,51
1205,2785,Stolz-1996,192
1206,2792,Everett-and-Kern-1997,191
1207,2794,Bird-and-Kante-1976,9
1208,2795,Stolz-1996,192
1209,2797,Everett-and-Kern-1997,347
1210,2799,Hamel-1994,46
1211,2801,Lichtenberk-1983,447
1212,2802,Stolz-1996,185
1213,2803,Zhukova-1972,99-100
1214,2804,Stolz-1996,190
1215,2813,Meeuwis-1998,28
1216,2814,Douglas-1959,"55, 81"
1217,2815,Harrison-et-al-1981,473-474
1218,2816,Broadbent-1964,133
1219,2817,Lewis-1893,52-53
1220,2818,Sapir-1965,84
1221,2819,Dasgupta-and-Sharma-1982,6
1222,2820,Gordon-1986,223
1223,2823,Stolz-1996,190
1224,2825,Gruzdeva-1998,24
1225,2826,Stolz-1996,195
1226,2829,Woollams-1996,"214, 188"
1227,2830,Kibrik-1994a,312
1228,2831,Stolz-1996,198
1229,2832,Heath-1984,
1230,2832,Heath-1980a,
1231,2833,Nguyen-1966,300
1232,2834,Stolz-1996,196
1233,2837,Hanoteau-1896,52
1234,2841,Stolz-1996,190
1235,2844,Stolz-1996,191
1236,2847,Penchoen-1973a,
1237,2849,Hagman-1977,29
1238,2854,Macaulay-1996,"48, 170"
1239,2855,Seiler-1977,
1240,2858,Stolz-1996,185
1241,2860,Blackings-and-Fabb-2003,"441, 364"
1242,2861,Stolz-1996,191
1243,2872,Stolz-1996,190
1244,2873,Li-and-Thompson-1973,98
1245,2874,Stolz-1996,188
1246,2875,Stolz-1996,199
1247,2876,Stolz-1996,193
1248,2877,Stevenson-1969,72f
1249,2878,Bender-1996,32
1250,2887,Stolz-1996,195
1251,2888,Stolz-1996,197
1252,2892,Lukas-1953,45
1253,2894,Stolz-1996,197
1254,2896,Popjes-and-Popjes-1986,139
1255,2897,Charney-1993,"115, 308-309"
1256,2899,Guasch-1996,
1257,2902,Stolz-1996,194
1258,2907,Stolz-1996,189
1259,2909,Ambrazas-et-al-1997,
1260,2912,Chelliah-1997,128
1261,2913,Wolfart-1973,25
1262,2916,Aoki-1970,
1263,2916,Aoki-1979,
1264,2917,Gair-1970,145
1265,2918,Everett-and-Kern-1997,
1266,2920,Kimball-1991,"189, 204, 120, 118"
1267,2922,Crowley-1982,182
1268,2923,van-Driem-1987,133
1269,2925,Bammesberger-1982,
1270,2926,Macaulay-1996,126
1271,2928,Stolz-1996,200
1272,2930,Stolz-1996,184
1273,2932,Harrell-1962,206
1274,2934,Baskakov-1973,248
1275,2935,Newman-2000,359
1276,2936,Bentley-1887,
1277,2938,Stolz-1996,192
1278,2941,Stolz-1996,192
1279,2942,Stolz-1996,191
1280,2943,Wise-1999,322
1281,2944,Stolz-1996,193
1282,2948,Stolz-1996,191
1283,2949,Capell-and-Hinch-1970,67
1284,2950,Stolz-1996,192
1285,2951,Stolz-1996,187
1286,2953,Dixon-1988,
1287,2953,Milner-1972,
1288,2957,Nichols-1994a,
1289,2958,Reesink-1999,69
1290,2962,Macaulay-1996,108
1291,2968,Oates-and-Oates-1968,
1292,2976,Stolz-1996,190
1293,2978,Stolz-1996,196
1294,2980,Dickens-1992,41
1295,2986,Stolz-1996,190
1296,2991,Comrie-1998,62
1297,2992,Stolz-1996,199
1298,2993,Fortescue-1984,40
1299,2994,Noonan-1992,173
1300,2999,Nettle-1998,50
1301,3003,Schachter-and-Otanes-1972,518
1302,3005,Ashton-1947,42
1303,3008,Stolz-1996,187
1304,3009,Jones-and-Jones-1991,
1305,3011,Elbert-1974,85
1306,3013,Stolz-1996,200
1307,3015,Stolz-1996,193
1308,3017,Kornfilt-1997,"212, 214, 281"
1309,3018,Bender-1996,31-35
1310,3020,Gordon-1986,130
1311,3021,Stolz-1996,186
1312,3025,Noonan-1992,111
1313,3035,Berry-and-Berry-1999,"131, 143"
1314,3036,Haspelmath-1993,"127, 245"
1315,3037,Hoffmann-1903,110
1316,3039,Solnit-1997,351
1317,3041,Stolz-1996,199
1318,3048,Stolz-1996,200
1319,3049,Willms-1972,
1320,3050,Ezard-1997,"289, 116"
1321,3052,Stolz-1996,197
1322,3053,Cincius-1975,657
1323,3055,Maslova-2003a,"89, 146"
1324,3059,Stolz-1996,197
1325,3060,Laidig-1993,321
1326,3066,Everett-and-Kern-1997,339
1327,3067,Yasugi-1995,273
1328,3068,Everett-and-Kern-1997,337-339
1329,3070,Ellis-1983,267
1330,3076,Stolz-1996,200
1331,3078,Maring-1967,47
1332,3079,Donaldson-1980,83f
1333,3080,Stevenson-1969,13
1334,3082,Stolz-1996,192
1335,3084,Merlan-1982,63
1336,3088,Stolz-1996,191
1337,3089,Stolz-1996,187
1338,3090,Sebeok-and-Ingemann-1961,21-22
1339,3094,Schaub-1985,34
1340,3098,Crowley-1982,180
1341,3100,Stolz-1996,188
1342,3105,Jung-1989,141
1343,3106,Stolz-1996,190
1344,3108,Groves-et-al-1985,65
1345,3110,Kakumasu-1986,329
1346,3111,Stolz-1996,199
1347,3114,Stolz-1996,185
1348,3116,Rice-1989,790-792
1349,3119,Stolz-1996,195
1350,3122,Linguistics-langwa-1993,202
1351,3124,Stolz-1996,185
1352,3129,Stolz-1996,194
1353,3132,Hewitt-1995,54
1354,3134,Poulos-and-Msimang-1998,
1355,3135,Stolz-1996,194
1356,3137,Tucker-and-Bryan-1966,235
1357,3139,Smeets-1989,77
1358,3142,Merlan-1982,44
1359,3149,Tepljashina-and-Lytkin-1976,142
1360,3153,Kibrik-1972,124
1361,3155,Stolz-1996,186
1362,3157,Stolz-1996,190
1363,3161,Fortescue-1984,65
1364,3163,Stolz-1996,193
1365,3169,Henderson-1995,64
1366,3170,Sanchez-and-Castro-1977,73
1367,3172,Stolz-1996,191
1368,3173,Heath-1999b,"177, 177, 183, 178"
1369,3174,Topping-1973,"241, 251"
1370,3175,Moshinsky-1974,
1371,3177,Jakobi-1990,
1372,3181,Stolz-1996,185
1373,3185,Terrill-2003,344
1374,3186,van-den-Berg-1995,
1375,3188,Newman-2000,
1376,3189,Henderson-1995,68
1377,3190,Wash-2001,75
1378,3191,Horton-1949,"478, 39"
1379,3192,Stolz-1996,198
1380,3194,den-Besten-2001,
1381,3195,Heath-1999b,
1382,3207,Stolz-1996,191
1383,3208,Stolz-1996,187
1384,3209,Heath-1999b,"103, 124"
1385,3213,Honti-1997,63-4
1386,3214,Davies-1981b,185
1387,3219,Stolz-1996,190
1388,3220,Mainwaring-1876,27-8
1389,3226,Stolz-1996,198
1390,3227,Walsh-1976,"289, 287"
1391,3230,Davies-1981b,165
1392,3233,Cole-1967,28
1393,3235,Prasad-1991,69
1394,3238,Dixon-1977a,
1395,3241,Wivell-1981,151
1396,3242,Ingham-2001,16
1397,3244,Stolz-1996,187
1398,3246,Leeding-1989,294
1399,3247,Stolz-1996,191
1400,3248,Stolz-1996,186
1401,3253,Minassian-1980,
1402,3256,Stolz-1996,196
1403,3259,Stolz-1996,187
1404,3262,Feldman-1986,95
1405,3269,Innes-1966,
1406,3276,Childs-1995,"112-113, 200"
1407,3282,Haspelmath-1993,
1408,3282,Talibov-1985,91
1409,3285,Asher-and-Kumari-1997,162
1410,3286,Cole-1982,163
1411,3290,Cole-1982,91
1412,3293,Bendor-Samuel-1961a,76
1413,3295,Crazzolara-1960,339
1414,3296,Carlson-1994,274
1415,3297,Egli-1990,282
1416,3298,Stolz-1996,191
1417,3302,Popjes-and-Popjes-1986,
1418,3303,Woollams-1996,
1419,3306,Skorik-1986,"79, 85"
1420,3308,Stolz-1996,191
1421,3309,Stolz-1996,198
1422,3312,Haspelmath-1993,151
1423,3314,Stolz-1996,191
1424,3323,Bhatia-1993,75
1425,3324,Drabbe-1952,
1426,3327,Kuno-1973,10
1427,3328,Reh-1985,"238-239, 208-209"
1428,3330,Stolz-1996,196
1429,3338,Stolz-1996,197
1430,3342,Gabas-1999,172
1431,3349,Abbott-2000,54
1432,3350,Smeets-1989,101
1433,3352,Kenesei-et-al-1998,311
1434,3354,Drabbe-1955,130
1435,3356,Aoki-1994,86
1436,3358,Donaldson-1981,139
1437,3359,Stolz-1996,194
1438,3361,Sohn-1994,295
1439,3362,Bruce-1984,206
1440,3372,van-den-Berg-1995,69-70
1441,3373,Stolz-1996,194
1442,3375,Penchoen-1973b,28
1443,3376,Stolz-1996,194
1444,3380,Stolz-1996,192
1445,3381,Heath-1999b,108
1446,3385,Stolz-1996,194
1447,3388,Drabbe-1955,
1448,3390,Bailey-1966,26
1449,3396,Tucker-and-Bryan-1966,235
1450,3397,Stolz-1996,191
1451,3406,Milner-1972,24
1452,3407,Stolz-1996,196
1453,3409,Stolz-1996,200
1454,3410,Macaulay-1996,113
1455,3414,Thompson-1965,
1456,3415,Owens-1985,"101, 251"
1457,3418,Stolz-1996,199
1458,3419,Stolz-1996,196
1459,3420,Gordon-1986,110
1460,3422,Gordon-1986,261
1461,3425,Reh-1985,151
1462,3426,Stolz-1996,193
1463,3427,Childs-1995,
1464,3433,Stolz-1996,186
1465,3437,Stolz-1996,196
1466,3438,Holes-1990,175
1467,3440,Stolz-1996,199
1468,3441,Stolz-1996,187
1469,3442,Pellizzaro-1969,14-15
1470,3442,Gnerre-1999,67
1471,3444,Bright-1965b,243
1472,3446,Stolz-1996,198
1473,3448,Seiler-1977,"88, 199, 327"
1474,3449,van-Klinken-1999,291
1475,3456,Abdel-Hafiz-1988,283
1476,3457,Li-and-Thompson-1981,597
1477,3458,Giridhar-1994,314
1478,3459,Stolz-1996,196
1479,3462,Topping-1980a,223
1480,3464,van-Driem-1987,188
1481,3467,Stolz-1996,193
1482,3471,Stolz-1996,191
1483,3472,McGregor-1990,67
1484,3473,Hewitt-1987,138
1485,3480,Tucker-and-Bryan-1966,130
1486,3488,Thompson-1989a,225
1487,3490,Everett-and-Kern-1997,346
1488,3491,Wivell-1981,74
1489,3494,Abbott-1991,24
1490,3495,Madieva-1980,125
1491,3498,Bowden-2001,316
1492,3500,Stolz-1996,199
1493,3505,Sohn-1994,"268, 269"
1494,3506,Osada-1992,"88, 103"
1495,3509,Stolz-1996,193
1496,3512,Sridhar-1990,74
1497,3513,Stolz-1996,191
1498,3518,Psjanchin-2000a,19-21
1499,3519,Stolz-1996,191
1500,3520,Bright-1957,560
1501,3524,Stolz-1996,193
1502,3525,Stolz-1996,193
1503,3526,Stolz-1996,194
1504,3527,Jensen-1998,503
1505,3531,Gamble-1978,11
1506,3532,Stolz-1996,198
1507,3533,Solnit-1997,184
1508,3535,Li-and-Thompson-1981,420
1509,3542,Solnit-1997,69
1510,3543,Volodin-and-Skorik-1997,25
1511,3548,Stolz-1996,188
1512,3550,Levinsohn-1976,124-125
1513,3551,Chelliah-1997,
1514,3552,Skorik-1961,
1515,3556,Payne-and-Payne-1990,"367, 370"
1516,3558,Gordon-1986,
1517,3561,Schaub-1985,23
1518,3562,Stolz-1996,194
1519,3563,Stolz-1996,196
1520,3564,Stolz-1996,185
1521,3565,Stolz-1996,189
1522,3567,Stolz-1996,189
1523,3568,Stolz-1996,200
1524,3569,Anonymous-1985,213
1525,3569,Conzemius-1929,110
1526,3571,Stolz-1996,186
1527,3572,Rehg-1981,"143, 150"
1528,3573,De-Bray-1980a,
1529,3574,Mahootian-1997,139
1530,3578,Fortescue-1984,171
1531,3579,Sapir-1922a,249
1532,3580,Stolz-1996,189
1533,3582,Robins-1958,139
1534,3583,Stolz-1996,198
1535,3584,Stolz-1996,198
1536,3587,Stolz-1996,199
1537,3588,Stolz-1996,194
1538,3589,Maslova-2003a,432
1539,3595,Haas-1940,
1540,3597,Mitchell-1962,144
1541,3600,Stolz-1996,199
1542,3601,Stolz-1996,199
1543,3602,Stolz-1996,194
1544,3604,Vogt-1971,"196, 198"
1545,3605,Mulder-1994,
1546,3606,Derbyshire-1979,154-155
1547,3609,Dillon-and-O-Croinin-1961,
1548,3610,Amha-2001,161
1549,3614,Heath-1999b,117
1550,3615,Mous-1993,162
1551,3617,Li-and-Thompson-1981,390
1552,3622,Taylor-1985,182
1553,3624,Stevenson-1969,
1554,3627,Spagnolo-1933,17
1555,3628,Davies-1981b,166
1556,3629,Wilson-1974,
1557,3630,Stolz-1996,199
1558,3631,Randriamasimanana-1986,
1559,3632,Fortescue-1984,247
1560,3634,Davies-1981b,1
1561,3635,Stolz-1996,188
1562,3637,Tolsma-1999,121
1563,3639,Stolz-1996,198
1564,3640,Stolz-1996,188
1565,3641,Innes-1966,"55, 106"
1566,3642,Stolz-1996,199
1567,3643,Horton-1949,
1568,3644,Dobrusina-2001,328-329
1569,3646,Campbell-1985,43
1570,3650,Stolz-1996,188
1571,3652,Bagaev-1965,127
1572,3654,Stolz-1996,199
1573,3656,Stolz-1996,194
1574,3661,Magomedova-1985,132
1575,3662,Stolz-1996,184
1576,3664,Asher-1982,"49, 50, 51"
1577,3665,Stolz-1996,200
1578,3670,Stolz-1996,193
1579,3672,Chelliah-1997,85-86
1580,3676,Hewitt-1979,152
1581,3677,Hardman-2000,57
1582,3678,Dorais-1988,27
1583,3684,Stolz-1996,197
1584,3686,Carlson-1994,"242, 140"
1585,3687,Stolz-1996,194
1586,3689,Tucker-and-Bryan-1966,246
1587,3692,Young-and-Morgan-1987,3
1588,3695,Stolz-1996,185
1589,3700,Nichols-1988,46
1590,3701,Stolz-1996,194
1591,3707,Bauer-1993,62
1592,3709,Stolz-1996,198
1593,3710,Harms-1994,"162, 161"
1594,3712,Stolz-1996,188
1595,3713,Holes-1990,119
1596,3714,Stolz-1996,192
1597,3715,Innes-1966,
1598,3717,Leavitt-1996,
1599,3723,Nikolaeva-1999,24
1600,3724,Sneddon-1975,175
1601,3725,Schaub-1985,87
1602,3726,Stolz-1996,185
1603,3727,Holisky-and-Gagua-1994,194
1604,3729,van-den-Berg-1995,100
1605,3730,MacDonald-1990,"133, 131"
1606,3735,Comrie-1989,151
1607,3737,Stolz-1996,186
1608,3738,Stolz-1996,184
1609,3741,Stolz-1996,185
1610,3744,Stolz-1996,188
1611,3746,Stolz-1996,196
1612,3747,Everett-1986,"236, 237"
1613,3749,Stolz-1996,188
1614,3750,Curnow-1997,286
1615,3751,Hewitt-1995,
1616,3753,Tonelli-1926,58
1617,3755,Kiessling-1994,213
1618,3756,Stolz-1996,190
1619,3758,Kroeber-1986,77
1620,3759,Dench-1995,
1621,3760,Michailovsky-1988,95
1622,3763,Stolz-1996,186
1623,3764,Hutchison-1981,337
1624,3765,Humesky-1980,114
1625,3767,Warotamasikkhadit-1972,71
1626,3774,Kakumasu-1986,
1627,3777,Burling-1961,
1628,3778,Wilson-1974,63
1629,3780,Tolsma-1999,20
1630,3780,Tolsma-1999,20
1631,3783,Stolz-1996,198
1632,3787,Kolia-1975,124
1633,3788,Pashkevich-1978,350
1634,3793,Maslova-2003a,261
1635,3796,Stolz-1996,191
1636,3797,Ross-and-Paol-1978,"11, 12"
1637,3799,Childs-1995,"249, 250"
1638,3800,Stolz-1996,192
1639,3801,Stolz-1996,200
1640,3805,Wash-2001,43
1641,3806,Noonan-1992,245
1642,3813,Osborne-1974,
1643,3814,Stolz-1996,194
1644,3815,Stolz-1996,194
1645,3816,Abdel-Hafiz-1988,"219, 283"
1646,3817,Stolz-1996,188
1647,3818,Crowell-1979,"26, 50"
1648,3820,Oinas-1966,140
1649,3823,Stolz-1996,193
1650,3824,Senft-1986,76
1651,3825,Stolz-1996,193
1652,3828,Stolz-1996,199
1653,3830,Stolz-1996,192
1654,3832,Stolz-1996,184
1655,3833,Roberts-1987,277-278
1656,3836,Stolz-1996,196
1657,3839,Dedrick-and-Casad-1999,"40, 383"
1658,3842,Stolz-1996,199
1659,3845,Rupp-1989,16
1660,3846,Miller-1999,54
1661,3848,Stolz-1996,191
1662,3852,Stolz-1996,190
1663,3855,Sunik-1982,"122, 126"
1664,3860,Kononov-1960,101
1665,3860,Sjoberg-1963,145
1666,3861,Schachter-and-Otanes-1972,276
1667,3862,Stolz-1996,194
1668,3864,Giridhar-1980,93
1669,3865,Noonan-1992,155
1670,3866,Lide-and-Magnusson-1970,"24, 44"
1671,3868,Stolz-1996,199
1672,3871,Stolz-1996,199
1673,3872,Bodding-1952,73
1674,3874,Harrison-et-al-1981,
1675,3875,Stolz-1996,192
1676,3877,Pitkin-1984,121
1677,3878,Frajzyngier-1997,205
1678,3879,Stolz-1996,189
1679,3880,Stolz-1996,199
1680,3881,MacKay-1999,"355, 361"
1681,3882,Chelliah-1997,128f
1682,3883,Maxmudova-2001,135
1683,3885,Stolz-1996,196
1684,3887,Haspelmath-1993,135-136
1685,3888,Caughley-1982,54-55
1686,3889,Stolz-1996,199
1687,3891,Groves-et-al-1985,49
1688,3892,Stolz-1996,186
1689,3893,Eckert-and-Hudson-1988,134
1690,3894,Stolz-1996,190
1691,3895,Capell-and-Hinch-1970,76
1692,3898,Stolz-1996,193
1693,3899,Stolz-1996,187
1694,3900,Stolz-1996,186
1695,3901,Stolz-1996,189
1696,3902,Stolz-1996,185
1697,3907,Stolz-1996,198
1698,3908,Stolz-1996,200
1699,3915,Egli-1990,150
1700,3916,Stolz-1996,187
1701,3919,Ellis-1983,
1702,3921,Stolz-1996,190
1703,3924,Harriehausen-1990,91
1704,3930,Stolz-1996,185
1705,3932,den-Besten-1996,14
1706,3933,Unseth-1989,126
1707,3935,Asher-1982,69
1708,3936,Derbyshire-1979,
1709,3944,McGregor-1990,149-150
1710,3947,Reesink-1999,"78, 115"
1711,3951,Stolz-1996,188
1712,3952,Stolz-1996,193
1713,3953,Taylor-1985,58
1714,3954,Bowden-1997a,
1715,3955,Carlson-1994,26
1716,3957,Hoff-1968,
1717,3958,Staley-1995,31
1718,3962,Zhirkov-1955,34
1719,3964,Stolz-1996,198
1720,3965,Stolz-1996,184
1721,3967,Bolton-1990,"38, 89"
1722,3970,Comrie-1998,81
1723,3971,Lewis-1967,35
1724,3974,Kuipers-1967,87
1725,3977,Stolz-1996,197
1726,3980,Frachtenberg-1922a,555
1727,3985,Stolz-1996,186
1728,3988,Refsing-1986,207
1729,3991,Bright-1957,
1730,3995,Stolz-1996,187
1731,3996,Stolz-1996,196
1732,4001,Stolz-1996,193
1733,4003,Roberts-1987,135
1734,4004,Norris-1986,44
1735,4008,Stolz-1996,193
1736,4015,Lyman-1979,10
1737,4017,Stolz-1996,192
1738,4019,Gadzhiaxmedov-2000,246
1739,4023,Nedjalkov-1997,190
1740,4024,Shibatani-1990,
1741,4028,Craig-1977,"110, 106"
1742,4030,Osborne-1974,"70, 60"
1743,4032,Stolz-1996,200
1744,4034,Constenla-Umana-et-al-1998,
1745,4037,Roberts-1987,172-174
1746,4041,Osborne-1974,74
1747,4042,Werner-1987,105
1748,4044,Stolz-1996,192
1749,4045,Murane-1974,303
1750,4049,Stolz-1996,189
1751,4050,Nadzhip-1960,51
1752,4051,Donohue-1999a,256
1753,4052,Stolz-1996,185
1754,4055,Stolz-1996,196
1755,4057,Rennison-1997,
1756,4058,Stolz-1996,199
1757,4059,Stolz-1996,192
1758,4060,Osada-1992,
1759,4064,Jacob-1968,
1760,4066,Stolz-1996,189
1761,4069,Stolz-1996,193
1762,4072,Frantz-1991,106
1763,4073,Comrie-1998,62
1764,4074,Facundes-2000,321
1765,4075,Maslova-2003a,418
1766,4079,Nedjalkov-1997,193
1767,4084,Welmers-1973,369
1768,4085,van-Eijk-1997,45
1769,4086,Stolz-1996,195
1770,4089,Sohn-1994,
1771,4090,Stolz-1996,200
1772,4093,Stolz-1996,192
1773,4094,Newell-1993,"15, 23"
1774,4095,Stolz-1996,199
1775,4096,Stolz-1996,196
1776,4099,Stolz-1996,189
1777,4100,Evans-1995,
1778,4102,Dougherty-1983,"135, 23"
1779,4104,Bauer-1993,
1780,4106,Osborne-1974,74-75
1781,4109,Seiler-1977,330-331
1782,4112,Kenesei-et-al-1998,"315, 316"
1783,4115,Kornfilt-1997,
1784,4118,Fortescue-1984,293
1785,4120,Charney-1993,52
1786,4121,Stolz-1996,194
1787,4122,Newman-2000,380
1788,4124,Terrill-2003,"170, 172"
1789,4125,Seiler-1985,50
1790,4127,Stolz-1996,185
1791,4128,Fortescue-1984,206
1792,4131,Stolz-1996,195
1793,4137,Cole-1982,114
1794,4139,Austin-1981,210
1795,4140,Mosel-1984,176
1796,4142,van-den-Berg-1995,88
1797,4144,Berchem-1991,324-27
1798,4150,Rowlands-1969,195-6
1799,4152,Samarin-1967b,95
1800,4153,Stolz-1996,196
1801,4154,Stolz-1996,192
1802,4156,Merlan-1994,99
1803,4157,Gordon-1986,255
1804,4158,McGregor-1977,62
1805,4162,Stolz-1996,189
1806,4164,Hewitt-1979,198
1807,4165,Topping-1973,167
1808,4166,Stolz-1996,200
1809,4169,Stolz-1996,192
1810,4170,Samarin-1967a,68
1811,4175,Noonan-1992,92
1812,4179,Dench-1995,86
1813,4181,Cole-1982,15
1814,4186,Ziervogel-et-al-1981,38
1815,4187,van-den-Berg-1989b,264
1816,4194,Huttar-and-Huttar-1994,532
1817,4195,Stolz-1996,187
1818,4198,Holton-et-al-1997,
1819,4199,Feldman-1986,67
1820,4201,Stolz-1996,188
1821,4203,Creider-and-Creider-1989,124
1822,4204,Foley-1991,101
1823,4205,Derbyshire-1979,5
1824,4206,Cole-1982,
1825,4208,Stolz-1996,195
1826,4210,Olawsky-1999,45
1827,4214,Stolz-1996,189
1828,4215,Werner-1997a,
1829,4217,Stolz-1996,196
1830,4218,Bright-1965a,344
1831,4223,Campbell-and-Campbell-1987,2
1832,4224,Watkins-1984,242
1833,4229,Nichols-1994b,106
1834,4232,Key-1967,51
1835,4233,den-Besten-1996,16
1836,4235,Stolz-1996,194
1837,4236,Stolz-1996,194
1838,4238,Stolz-1996,185
1839,4240,Olsson-1992,180-181
1840,4241,Fernandez-1967,"127, 117"
1841,4243,Koshal-1979,
1842,4244,Stolz-1996,187
1843,4245,Stolz-1996,189
1844,4247,Stolz-1996,185
1845,4248,Stolz-1996,188
1846,4252,Minassian-1980,123
1847,4253,Tovar-1981,
1848,4258,Hay-Neave-1953,"37, 44"
1849,4259,Dixon-1988,53
1850,4260,Kononov-1960,77
1851,4263,Stolz-1996,186
1852,4266,Einarsson-1949,122
1853,4269,Stolz-1996,192
1854,4270,Nikolaeva-and-Xelimskij-1997,160
1855,4273,Nikolaeva-and-Tolskaya-2001,115-6
1856,4279,Stolz-1996,200
1857,4282,Stolz-1996,198
1858,4287,Diagana-1995,239
1859,4288,Stolz-1996,193
1860,4289,Hewitt-1995,446-493
1861,4290,Conrad-and-Wogiga-1991,
1862,4291,Woollams-1996,227
1863,4292,Reh-1996,199
1864,4294,Valenzuela-1997,49
1865,4297,Stolz-1996,190
1866,4298,Stolz-1996,199
1867,4305,Stolz-1996,195
1868,4306,Couro-and-Langdon-1975,"187, 186"
1869,4309,Reinisch-1893,195
1870,4310,Bruce-1984,146
1871,4313,Banhidi-et-al-1975,"235, 345"
1872,4315,Stolz-1996,200
1873,4316,Holst-2001,139
1874,4319,Chapman-and-Derbyshire-1991,
1875,4320,Thompson-1991,
1876,4324,Stolz-1996,187
1877,4328,Stolz-1996,194
1878,4329,Tryon-1970a,
1879,4331,Stolz-1996,195
1880,4332,Noonan-1992,
1881,4333,Stolz-1996,186
1882,4336,Stolz-1996,198
1883,4337,Bril-1999,84
1884,4338,Hoskison-1983,45
1885,4339,Dixon-1977a,"145-6, 175-180"
1886,4340,Stolz-1996,191
1887,4344,Stolz-1996,198
1888,4347,Fennell-and-Gelsen-1980,
1889,4348,Everett-1986,
1890,4350,Mazo-1978,"39-40, 160"
1891,4351,Stolz-1996,197
1892,4353,Grjunberg-1963,22
1893,4354,Stolz-1996,189
1894,4355,Stolz-1996,198
1895,4360,Stolz-1996,196
1896,4363,Stolz-1996,199
1897,4365,Koshal-1979,226
1898,4366,Stolz-1996,190
1899,4367,Kibrik-2001,327
1900,4372,Young-and-Morgan-1987,11
1901,4373,Green-1995,93
1902,4377,Osborne-1974,65; 72
1903,4380,Stolz-1996,199
1904,4383,Stolz-1996,198
1905,4385,Hewitt-1979,
1906,4387,Petterson-1999,"24, 19"
1907,4389,Stolz-1996,193
1908,4395,Merlan-1994,88-9
1909,4397,Braun-1984,
1910,4397,Braun-1984,
1911,4398,Heath-1999a,139
1912,4399,Rupp-1989,86
1913,4404,MacDonald-1990,219
1914,4405,Stolz-1996,189
1915,4406,Stolz-1996,198
1916,4407,Jones-and-Jones-1991,68
1917,4408,Stolz-1996,192
1918,4412,Stolz-1996,196
1919,4415,Stolz-1996,185
1920,4418,Topping-1973,221
1921,4420,Rogava-and-Kerasheva-1966,"179, 203"
1922,4421,Dol-1999,119-121
1923,4424,Harris-1981,40
1924,4425,Stolz-1996,191
1925,4429,Kroeger-1993,13
1926,4430,Dixon-1988,22
1927,4433,Lichtenberk-2000,29
1928,4434,Hardman-2001,
1929,4436,Dixon-1988,36
1930,4437,Dayley-1985,286
1931,4439,Topping-1980a,208
1932,4441,Stolz-1996,189
1933,4442,Doke-1927,
1934,4443,Guasch-1976,84
1935,4443,Gregores-and-Suarez-1967,
1936,4444,Voorhoeve-1965a,168
1937,4445,Bromley-1981,
1938,4452,Awobuluyi-1978,40
1939,4454,Stolz-1996,191
1940,4455,Drabbe-1955,138
1941,4458,Heath-1999b,85
1942,4460,Charney-1993,
1943,4462,Stolz-1996,191
1944,4466,Jacob-1968,83
